frame,class,confidence,mask_area
1,bus,0.8953972458839417,13240
1,car,0.8682970404624939,27745
1,car,0.8051843047142029,6013
1,car,0.7081672549247742,7351
1,car,0.6777908205986023,26344
1,car,0.6636430025100708,48952
1,car,0.6114504337310791,8974
1,truck,0.603714644908905,12016
1,truck,0.5986087322235107,18781
1,person,0.5916020274162292,1909
1,car,0.5712873935699463,4045
1,car,0.5707119703292847,20062
1,truck,0.5432040095329285,19999
1,car,0.5362940430641174,7135
1,car,0.4834297299385071,11656
1,car,0.4784635007381439,28210
1,car,0.4625185430049896,3157
1,motorcycle,0.43613338470458984,5106
1,car,0.4339127242565155,16690
1,motorcycle,0.4325881898403168,1510
1,car,0.43076950311660767,2317
1,car,0.42725324630737305,5861
1,person,0.4217665195465088,2623
1,person,0.42096081376075745,1105
1,truck,0.4090948700904846,11602
1,motorcycle,0.3893040418624878,2239
1,motorcycle,0.385843962430954,3610
1,motorcycle,0.36097514629364014,1987
1,bus,0.3600734770298004,2587
1,person,0.34064483642578125,1372
1,truck,0.3392161726951599,35602
1,truck,0.33115914463996887,13045
1,truck,0.32819828391075134,3166
1,car,0.3254678547382355,24437
1,car,0.3149341940879822,2164
1,car,0.282555490732193,13036
1,truck,0.2820037007331848,24824
1,person,0.2758696675300598,3893
1,car,0.2681775987148285,4279
2,bus,0.8903823494911194,11344
2,car,0.8730347752571106,31309
2,car,0.8038713335990906,4168
2,car,0.7619176506996155,23542
2,car,0.755795419216156,50714
2,car,0.7409213185310364,8596
2,car,0.6723347306251526,7288
2,truck,0.6283143162727356,12034
2,truck,0.5671732425689697,18619
2,car,0.5659828186035156,20215
2,truck,0.5552046298980713,20428
2,car,0.5126538276672363,7063
2,motorcycle,0.497713565826416,2500
2,car,0.4804718494415283,28309
2,car,0.47361743450164795,3619
2,truck,0.4651753604412079,11620
2,car,0.43287336826324463,12949
2,car,0.42174825072288513,11620
2,bus,0.4037695825099945,2794
2,truck,0.3810940980911255,3262
2,car,0.380892276763916,2299
2,car,0.3768724799156189,4393
2,car,0.3734469413757324,16699
2,person,0.3702545464038849,736
2,motorcycle,0.36317798495292664,1285
2,truck,0.3602640926837921,36715
2,car,0.35509252548217773,5861
2,car,0.3548458218574524,36850
2,motorcycle,0.3430490791797638,2008
2,person,0.31665799021720886,3899
2,car,0.3044922351837158,24668
2,person,0.28623726963996887,1390
2,person,0.28466612100601196,1810
2,truck,0.26661181449890137,24950
2,person,0.26056694984436035,1396
3,bus,0.8903198838233948,11344
3,car,0.8731187582015991,31309
3,car,0.8029736876487732,4168
3,car,0.7620105147361755,23542
3,car,0.7604668736457825,50726
3,car,0.7364238500595093,8551
3,car,0.674422562122345,7288
3,truck,0.6283084154129028,12034
3,truck,0.5709825158119202,18610
3,truck,0.555846631526947,20428
3,car,0.5535275936126709,20341
3,car,0.5196326971054077,7063
3,motorcycle,0.4930577278137207,2500
3,car,0.4734892249107361,3619
3,car,0.4691590964794159,28264
3,truck,0.4557037949562073,11656
3,car,0.43329018354415894,11638
3,car,0.4315871000289917,12949
3,bus,0.40233850479125977,2794
3,truck,0.3955657482147217,3271
3,car,0.38023197650909424,2299
3,car,0.3736664950847626,4366
3,person,0.36730825901031494,736
3,truck,0.36463260650634766,36760
3,car,0.3609267473220825,16690
3,motorcycle,0.35997194051742554,1285
3,car,0.35251519083976746,5861
3,car,0.35067424178123474,36967
3,motorcycle,0.3477090299129486,2008
3,car,0.314949095249176,24704
3,person,0.31481799483299255,3908
3,person,0.28635740280151367,1390
3,person,0.2828355133533478,1867
3,truck,0.2661421597003937,24941
3,person,0.2595921456813812,1405
4,bus,0.8876144289970398,11176
4,car,0.8747374415397644,33592
4,car,0.8274205327033997,4204
4,car,0.8017368316650391,23359
4,car,0.763595461845398,50828
4,car,0.7049217224121094,7279
4,car,0.6695252060890198,8830
4,car,0.6593693494796753,12214
4,truck,0.6399046778678894,12088
4,car,0.5903410911560059,20305
4,car,0.5803935527801514,7126
4,truck,0.5769798159599304,18817
4,car,0.5181354880332947,2506
4,truck,0.4831700623035431,20401
4,truck,0.4683546721935272,11620
4,car,0.4640575051307678,4987
4,car,0.45897358655929565,28093
4,person,0.4437049627304077,1501
4,person,0.4426281750202179,1618
4,car,0.44066154956817627,11656
4,car,0.40707463026046753,16789
4,motorcycle,0.38886943459510803,1471
4,motorcycle,0.38819873332977295,1264
4,car,0.38817399740219116,5834
4,car,0.38673216104507446,36751
4,motorcycle,0.3788285553455353,1843
4,person,0.36717990040779114,1162
4,motorcycle,0.36474335193634033,3250
4,motorcycle,0.3604866564273834,1405
4,truck,0.3594825863838196,36697
4,motorcycle,0.3498472571372986,7753
4,bus,0.345711886882782,3394
4,truck,0.3456898331642151,3784
4,car,0.3328738808631897,3424
4,person,0.3294280469417572,1432
4,car,0.30609381198883057,24566
4,person,0.28880995512008667,2872
4,person,0.2880156636238098,3935
4,car,0.2833273708820343,1969
4,car,0.28182926774024963,4075
4,bus,0.27893421053886414,3460
4,motorcycle,0.2558034658432007,2284
4,motorcycle,0.25393617153167725,1570
5,bus,0.8937928676605225,11479
5,car,0.8512368202209473,51359
5,car,0.84137362241745,34459
5,car,0.8173049688339233,5215
5,car,0.810876190662384,21421
5,car,0.7007449865341187,7279
5,car,0.6385477185249329,36817
5,truck,0.6267813444137573,12211
5,car,0.6223688125610352,9391
5,motorcycle,0.6207224726676941,4112
5,car,0.6169243454933167,20299
5,car,0.576743483543396,4969
5,person,0.5575011372566223,3451
5,car,0.5467966198921204,7168
5,truck,0.542841374874115,18727
5,motorcycle,0.49904292821884155,1981
5,car,0.4899037480354309,1822
5,car,0.4860835373401642,27580
5,motorcycle,0.4780275523662567,2353
5,car,0.4615336060523987,11698
5,person,0.4439152479171753,1333
5,person,0.4386540651321411,1195
5,car,0.4342781901359558,3301
5,car,0.4200820028781891,16915
5,car,0.4137408435344696,5834
5,truck,0.41123658418655396,20473
5,truck,0.40244588255882263,11620
5,car,0.38066375255584717,2353
5,person,0.36145058274269104,865
5,truck,0.35835766792297363,3865
5,motorcycle,0.3474133014678955,1444
5,person,0.33739593625068665,1654
5,car,0.32384923100471497,13654
5,car,0.3158026337623596,24755
5,person,0.29850122332572937,3917
5,person,0.28371745347976685,2431
5,motorcycle,0.2745019495487213,1180
5,car,0.26923200488090515,1444
5,person,0.2651509642601013,1012
5,motorcycle,0.26336443424224854,1273
6,bus,0.8933706283569336,11488
6,car,0.8497264385223389,51368
6,car,0.8395794034004211,34450
6,car,0.81689453125,5215
6,car,0.8108118772506714,21421
6,car,0.7042859792709351,7270
6,truck,0.6334965229034424,12220
6,car,0.6313999891281128,36799
6,car,0.6262350082397461,9400
6,motorcycle,0.6202167868614197,4103
6,car,0.6178207397460938,20299
6,car,0.5739654898643494,4969
6,person,0.5595813393592834,3442
6,truck,0.5463118553161621,18709
6,car,0.5454771518707275,7276
6,motorcycle,0.503174901008606,1981
6,car,0.4867570698261261,1822
6,motorcycle,0.48229625821113586,2353
6,car,0.47534212470054626,27589
6,car,0.4633494019508362,11707
6,person,0.44495734572410583,1333
6,person,0.4403741955757141,1195
6,car,0.43073052167892456,3301
6,car,0.41700154542922974,5834
6,car,0.4154115319252014,16915
6,truck,0.41254904866218567,20473
6,truck,0.40329140424728394,11611
6,car,0.3767366409301758,2353
6,truck,0.36774778366088867,3865
6,person,0.36361417174339294,865
6,motorcycle,0.34891602396965027,1444
6,car,0.33927062153816223,24794
6,person,0.3381907641887665,1654
6,car,0.32412442564964294,13654
6,person,0.28843817114830017,2431
6,person,0.2878571152687073,3926
6,motorcycle,0.2780551016330719,1180
6,person,0.2655284106731415,1012
6,motorcycle,0.26282939314842224,1273
6,car,0.2603897452354431,1444
7,bus,0.8882859349250793,12157
7,car,0.8857404589653015,35710
7,car,0.8390412926673889,50783
7,car,0.8207618594169617,5215
7,car,0.7510368227958679,10048
7,car,0.7405862808227539,19561
7,car,0.7034170031547546,7270
7,car,0.6937180161476135,36769
7,truck,0.637191116809845,12178
7,car,0.6360088586807251,5023
7,motorcycle,0.6335006356239319,3797
7,car,0.6256086230278015,20452
7,person,0.5959333181381226,3769
7,car,0.5818023085594177,14650
7,car,0.568941056728363,7306
7,car,0.5653054118156433,11671
7,truck,0.5380861163139343,18763
7,motorcycle,0.5187978148460388,1861
7,motorcycle,0.4861418902873993,2632
7,car,0.4687567949295044,27958
7,person,0.44537556171417236,544
7,car,0.4337567687034607,16978
7,car,0.42977896332740784,3361
7,person,0.4268541634082794,1690
7,car,0.41665467619895935,1900
7,truck,0.36794838309288025,20608
7,motorcycle,0.35736262798309326,1525
7,car,0.35672226548194885,5834
7,person,0.33125582337379456,1681
7,motorcycle,0.32080912590026855,1345
7,person,0.310547411441803,2242
7,car,0.2979698181152344,2425
7,person,0.29550889134407043,3908
7,truck,0.2790371775627136,3853
7,motorcycle,0.2663455307483673,1525
7,car,0.2617062032222748,24764
7,motorcycle,0.2504618763923645,1444
8,bus,0.8859546184539795,12058
8,car,0.8424711227416992,50996
8,car,0.8118399977684021,18916
8,car,0.7897709012031555,4321
8,car,0.7345651388168335,14089
8,car,0.7120295763015747,39460
8,car,0.7117855548858643,8435
8,car,0.7073186039924622,37606
8,car,0.6974612474441528,7324
8,car,0.692752480506897,10609
8,car,0.6722592711448669,20434
8,truck,0.631110668182373,12115
8,car,0.5425993204116821,5026
8,truck,0.5249263644218445,18958
8,car,0.5151419639587402,7297
8,car,0.5106224417686462,11665
8,car,0.47325438261032104,27331
8,car,0.4718490540981293,16972
8,person,0.4565432071685791,1684
8,motorcycle,0.4412280321121216,1732
8,person,0.43620729446411133,910
8,motorcycle,0.43140101432800293,1876
8,motorcycle,0.42764338850975037,4645
8,person,0.42640310525894165,2344
8,person,0.413693368434906,1351
8,truck,0.41298002004623413,20518
8,truck,0.40121984481811523,3907
8,car,0.39910799264907837,1981
8,car,0.3909810781478882,5870
8,truck,0.3861067593097687,11467
8,car,0.38167232275009155,24959
8,person,0.348683625459671,2377
8,motorcycle,0.33026814460754395,2116
8,car,0.3296501636505127,3538
8,truck,0.3082475960254669,27253
8,motorcycle,0.29671502113342285,3424
8,person,0.28749558329582214,4166
8,person,0.2586933970451355,3806
9,bus,0.886017382144928,12058
9,car,0.8426517248153687,50996
9,car,0.8120938539505005,18916
9,car,0.7899379134178162,4321
9,car,0.734474241733551,14089
9,car,0.7123725414276123,8435
9,car,0.7119077444076538,39460
9,car,0.7069501280784607,37606
9,car,0.697773814201355,7324
9,car,0.6930450797080994,10609
9,car,0.6727275848388672,20434
9,truck,0.6311529278755188,12115
9,car,0.5429006218910217,5026
9,truck,0.5238185524940491,18958
9,car,0.5156822800636292,7297
9,car,0.5110583305358887,11665
9,car,0.4746019244194031,27322
9,car,0.47228482365608215,17008
9,person,0.4573403596878052,1684
9,motorcycle,0.44172292947769165,1732
9,person,0.4361465871334076,910
9,motorcycle,0.43139180541038513,1876
9,motorcycle,0.4283750355243683,4645
9,person,0.4258113205432892,2344
9,person,0.4133332371711731,1351
9,truck,0.4119994044303894,20518
9,truck,0.4016546905040741,3907
9,car,0.39940449595451355,1981
9,car,0.3888567090034485,5870
9,truck,0.3855478763580322,11467
9,car,0.381647527217865,24959
9,person,0.349224716424942,2377
9,motorcycle,0.33067089319229126,2125
9,car,0.3296710252761841,3538
9,truck,0.30740252137184143,27253
9,motorcycle,0.2976255416870117,3424
9,person,0.2881081998348236,4148
9,person,0.25813430547714233,3806
10,bus,0.8988421559333801,10174
10,car,0.8656070828437805,40555
10,car,0.7776309251785278,10168
10,car,0.7745014429092407,4588
10,car,0.7678139805793762,18535
10,car,0.7610661387443542,11180
10,car,0.739490807056427,50549
10,car,0.7274418473243713,7342
10,car,0.7134515643119812,37876
10,car,0.6327036619186401,20476
10,car,0.6313394904136658,14896
10,truck,0.6046585440635681,12133
10,person,0.5504043698310852,3106
10,motorcycle,0.5096778869628906,3842
10,person,0.49311256408691406,2185
10,car,0.4886148273944855,27331
10,truck,0.4828875660896301,18769
10,car,0.47995612025260925,11725
10,person,0.46238917112350464,988
10,car,0.4575290381908417,16954
10,motorcycle,0.4544130861759186,2467
10,car,0.45405489206314087,7144
10,truck,0.44957754015922546,20500
10,motorcycle,0.42932751774787903,3182
10,truck,0.4206344187259674,3955
10,car,0.4192389249801636,4726
10,motorcycle,0.4044222831726074,1726
10,truck,0.39940154552459717,11620
10,motorcycle,0.3984372913837433,2149
10,car,0.3670932352542877,2263
10,car,0.34870412945747375,6008
10,car,0.34689444303512573,5870
10,person,0.33164238929748535,2497
10,person,0.3196648955345154,2359
10,car,0.29559481143951416,24872
10,person,0.28750479221343994,832
10,person,0.2764703929424286,3914
10,person,0.27229219675064087,2275
10,motorcycle,0.26995670795440674,2407
10,motorcycle,0.2556283473968506,1750
11,bus,0.8695700168609619,10894
11,car,0.8664236664772034,42866
11,car,0.8437854647636414,50723
11,car,0.8325296640396118,17324
11,car,0.791114866733551,9562
11,car,0.7632994055747986,38944
11,car,0.752072274684906,5476
11,car,0.7444592714309692,17665
11,car,0.7060470581054688,7351
11,car,0.635705292224884,20548
11,motorcycle,0.6347857713699341,3845
11,truck,0.6236414909362793,12202
11,person,0.6235182881355286,3235
11,car,0.5824036002159119,12659
11,person,0.5576229095458984,1108
11,car,0.5466268062591553,11752
11,car,0.48066675662994385,7207
11,motorcycle,0.4787065088748932,2602
11,car,0.47866544127464294,5131
11,truck,0.4749971926212311,18451
11,car,0.4709644019603729,27289
11,car,0.4435316324234009,17035
11,person,0.4329774081707001,2080
11,car,0.4255697429180145,15166
11,truck,0.4054690897464752,4015
11,motorcycle,0.3827529847621918,1357
11,car,0.3652859628200531,5933
11,car,0.3577265441417694,2470
11,person,0.3568374514579773,2791
11,car,0.3551173806190491,3760
11,clock,0.3468683660030365,5452
11,person,0.3408079743385315,1021
11,motorcycle,0.3246605098247528,1231
11,car,0.32205986976623535,25592
11,car,0.29854145646095276,2794
11,person,0.29350730776786804,1045
11,motorcycle,0.28295132517814636,1555
11,person,0.27606919407844543,3923
11,car,0.2626279890537262,1222
11,motorcycle,0.25885218381881714,1813
11,person,0.2507336139678955,2236
12,bus,0.8696869611740112,10894
12,car,0.8666015863418579,42866
12,car,0.8433553576469421,50705
12,car,0.8328183889389038,17324
12,car,0.7912930250167847,9562
12,car,0.7625575661659241,38953
12,car,0.7521011233329773,5476
12,car,0.743698000907898,17665
12,car,0.7061694860458374,7351
12,car,0.6354908347129822,20548
12,motorcycle,0.6340857148170471,3836
12,person,0.6240607500076294,3226
12,truck,0.623520016670227,12202
12,car,0.5826905369758606,12659
12,person,0.5580507516860962,1108
12,car,0.5483546257019043,11752
12,car,0.4806469976902008,7207
12,motorcycle,0.4786626398563385,2602
12,car,0.4786478579044342,5131
12,truck,0.4747665822505951,18451
12,car,0.4711942970752716,27289
12,car,0.44364994764328003,17044
12,person,0.4323256015777588,2080
12,car,0.4256811738014221,15166
12,truck,0.4051135182380676,4015
12,motorcycle,0.38239145278930664,1357
12,car,0.36784353852272034,5933
12,car,0.3578466475009918,2470
12,person,0.35635238885879517,2791
12,car,0.35527902841567993,3760
12,clock,0.347794771194458,5452
12,person,0.34088370203971863,1021
12,car,0.3266119360923767,25592
12,motorcycle,0.32511916756629944,1231
12,car,0.2986290752887726,2794
12,person,0.2937248647212982,1045
12,motorcycle,0.28294607996940613,1555
12,person,0.27516472339630127,3923
12,car,0.26270923018455505,1222
12,motorcycle,0.25661978125572205,1804
12,person,0.2503492534160614,2236
13,bus,0.8602652549743652,10615
13,car,0.8489552140235901,19850
13,car,0.8261455297470093,49751
13,car,0.8255251049995422,41048
13,car,0.7998168468475342,10900
13,car,0.7249262928962708,38485
13,car,0.7193402647972107,4828
13,car,0.6884332299232483,7678
13,car,0.6675853729248047,16286
13,car,0.6232030391693115,20425
13,truck,0.6000262498855591,12355
13,car,0.5952960848808289,18040
13,person,0.5580337643623352,1012
13,car,0.5312649607658386,11743
13,motorcycle,0.5290781855583191,3125
13,truck,0.5001674890518188,18343
13,person,0.4873632788658142,3125
13,car,0.4813078045845032,7267
13,truck,0.46757882833480835,4114
13,car,0.46367233991622925,16024
13,car,0.43055570125579834,17239
13,car,0.42413148283958435,5539
13,truck,0.41488566994667053,20503
13,car,0.41432058811187744,27805
13,motorcycle,0.395489901304245,1837
13,car,0.38636547327041626,2356
13,car,0.37889179587364197,5933
13,motorcycle,0.3774188160896301,1729
13,motorcycle,0.3661361336708069,2089
13,person,0.3554156422615051,2272
13,person,0.3399490714073181,2791
13,clock,0.33896586298942566,5434
13,person,0.3296884298324585,1045
13,car,0.31956690549850464,25058
13,person,0.31166234612464905,1012
13,motorcycle,0.2987697422504425,1465
13,person,0.2857188880443573,3794
13,motorcycle,0.27572041749954224,1252
13,truck,0.2749655246734619,27319
13,person,0.27251163125038147,2014
13,car,0.27232038974761963,1267
13,motorcycle,0.2722994387149811,1447
13,truck,0.26455697417259216,15574
14,car,0.9041439890861511,25604
14,car,0.8517372012138367,38810
14,bus,0.8488134741783142,11161
14,car,0.7918710708618164,22466
14,car,0.7751390933990479,49118
14,car,0.7531182765960693,15739
14,car,0.7463322877883911,11467
14,car,0.7021888494491577,38395
14,car,0.6961017847061157,7750
14,car,0.6949365139007568,3658
14,motorcycle,0.650660514831543,3025
14,car,0.6257689595222473,20674
14,car,0.5739790797233582,11752
14,car,0.5696647763252258,15655
14,car,0.5651383399963379,5578
14,truck,0.5614871382713318,12166
14,person,0.5392499566078186,1720
14,person,0.4989256262779236,2590
14,truck,0.498731791973114,18547
14,car,0.4928310811519623,7360
14,truck,0.4773845970630646,4120
14,car,0.4624592661857605,17194
14,person,0.44378435611724854,1900
14,car,0.4331473112106323,26986
14,truck,0.43273982405662537,15466
14,truck,0.40723273158073425,20701
14,motorcycle,0.4007892608642578,2443
14,motorcycle,0.36152374744415283,2050
14,car,0.34427136182785034,2587
14,person,0.3435955047607422,2773
14,car,0.3427814543247223,5933
14,car,0.32773056626319885,25040
14,truck,0.32282131910324097,38179
14,car,0.3157108724117279,2884
14,car,0.3119990825653076,1276
14,car,0.2763271927833557,2746
14,motorcycle,0.27162835001945496,916
14,car,0.271563857793808,6158
14,person,0.2622036039829254,637
15,car,0.9042068123817444,25604
15,car,0.8525525331497192,38804
15,bus,0.8484878540039062,11161
15,car,0.7919068932533264,22466
15,car,0.7752061486244202,49118
15,car,0.7533191442489624,15730
15,car,0.7483339905738831,11503
15,car,0.702251136302948,38404
15,car,0.6962692141532898,7750
15,car,0.6957719326019287,3658
15,motorcycle,0.6521278619766235,3025
15,car,0.6252530813217163,20683
15,car,0.573762834072113,11752
15,car,0.5697507858276367,15655
15,car,0.5651301145553589,5578
15,truck,0.560653805732727,12175
15,person,0.5394288301467896,1720
15,truck,0.4996073246002197,18547
15,person,0.4976232349872589,2581
15,car,0.49096888303756714,7360
15,truck,0.47744253277778625,4120
15,car,0.4625910818576813,17185
15,person,0.4482026696205139,1900
15,truck,0.43264034390449524,15466
15,car,0.4323353171348572,26986
15,truck,0.40872761607170105,20701
15,motorcycle,0.402621328830719,2521
15,motorcycle,0.36113691329956055,2050
15,car,0.34434589743614197,2587
15,person,0.34404295682907104,2773
15,car,0.34171169996261597,5933
15,car,0.3280028998851776,25049
15,truck,0.32242152094841003,38215
15,car,0.3154792785644531,2884
15,car,0.311736524105072,1276
15,car,0.2760501801967621,2746
15,motorcycle,0.2723757028579712,916
15,car,0.26718294620513916,6158
15,person,0.26260560750961304,637
16,car,0.8951273560523987,27962
16,bus,0.8515946865081787,11323
16,car,0.7638508677482605,49337
16,car,0.7620494961738586,26213
16,car,0.71927410364151,39106
16,car,0.6935543417930603,37442
16,car,0.6798719167709351,7723
16,car,0.6715186238288879,17416
16,motorcycle,0.658760130405426,2272
16,car,0.6587367653846741,11353
16,car,0.6506907939910889,3574
16,car,0.6327239871025085,20782
16,person,0.5801420211791992,2890
16,truck,0.5687488913536072,12148
16,car,0.5352268815040588,5203
16,car,0.5222504138946533,11734
16,truck,0.5081620812416077,18556
16,car,0.5063344836235046,3100
16,car,0.4933410882949829,16165
16,truck,0.4791058599948883,16066
16,car,0.47840872406959534,2374
16,car,0.47839879989624023,17176
16,car,0.4659538269042969,7651
16,truck,0.448123574256897,4129
16,motorcycle,0.4377490282058716,2383
16,car,0.4164445698261261,26908
16,truck,0.40411287546157837,20773
16,person,0.39409711956977844,1891
16,person,0.3742598593235016,895
16,person,0.3436310887336731,2773
16,car,0.32950133085250854,5978
16,car,0.3183823227882385,1285
16,car,0.3047429025173187,3100
16,car,0.29257333278656006,25046
16,car,0.29244673252105713,6149
16,motorcycle,0.27241212129592896,1543
16,car,0.25552672147750854,1444
17,car,0.8903151154518127,31085
17,bus,0.8157381415367126,10648
17,car,0.7642331719398499,3151
17,car,0.7582922577857971,47501
17,car,0.7491493225097656,32132
17,car,0.7275876402854919,11407
17,car,0.7043810486793518,38116
17,car,0.6287710666656494,20806
17,car,0.6248876452445984,7696
17,truck,0.591701328754425,12196
17,car,0.5626927614212036,16762
17,truck,0.5500107407569885,18424
17,car,0.5285685062408447,5317
17,motorcycle,0.5226641893386841,3058
17,car,0.5204039216041565,11719
17,car,0.5152617692947388,34517
17,car,0.5090934634208679,17026
17,car,0.47371912002563477,14743
17,car,0.4527481496334076,2488
17,person,0.4430895745754242,2716
17,car,0.44077688455581665,7570
17,truck,0.41014793515205383,34535
17,truck,0.40855371952056885,4138
17,car,0.4058080017566681,27064
17,truck,0.4002082049846649,27196
17,motorcycle,0.3569212555885315,2020
17,person,0.3532162010669708,2782
17,truck,0.34467077255249023,14761
17,car,0.33469873666763306,2920
17,truck,0.33305031061172485,38089
17,truck,0.33177489042282104,11647
17,motorcycle,0.3177298307418823,1288
17,truck,0.31461742520332336,30968
17,person,0.31080543994903564,1579
17,car,0.30831363797187805,2242
17,motorcycle,0.2737250328063965,1555
18,car,0.8902316093444824,31085
18,bus,0.8159874677658081,10648
18,car,0.7645230293273926,3151
18,car,0.7616592049598694,47456
18,car,0.7510082721710205,32132
18,car,0.7258216142654419,11407
18,car,0.7036229968070984,38125
18,car,0.6292925477027893,20806
18,car,0.6254608631134033,7696
18,truck,0.5918523669242859,12187
18,car,0.5639613270759583,16762
18,truck,0.5496715903282166,18424
18,car,0.5292067527770996,5317
18,car,0.523400604724884,11728
18,motorcycle,0.5205439925193787,3406
18,car,0.5172082185745239,34517
18,car,0.5097142457962036,17017
18,car,0.4754481911659241,14743
18,car,0.453309029340744,2488
18,car,0.44463911652565,7582
18,person,0.4430661201477051,2683
18,car,0.4090447425842285,27700
18,truck,0.40791261196136475,4138
18,truck,0.40678033232688904,34535
18,truck,0.39924365282058716,27205
18,motorcycle,0.3534543514251709,2020
18,person,0.3532980978488922,2782
18,truck,0.3438261151313782,14761
18,car,0.3349691927433014,2920
18,truck,0.33291128277778625,38098
18,truck,0.3257068991661072,11647
18,motorcycle,0.3184639811515808,1288
18,truck,0.3132213056087494,30968
18,person,0.3120112121105194,1579
18,car,0.3092952370643616,2242
18,motorcycle,0.2741675078868866,1555
19,car,0.9001368880271912,32879
19,car,0.8524453639984131,47315
19,bus,0.8193910717964172,10468
19,car,0.785336434841156,35519
19,car,0.7482212781906128,11785
19,car,0.7462096810340881,33341
19,car,0.7216823101043701,37270
19,car,0.6849318742752075,15535
19,car,0.6519717574119568,20923
19,car,0.650680422782898,17740
19,motorcycle,0.6163270473480225,3136
19,car,0.6018140912055969,7396
19,car,0.5956456065177917,5236
19,car,0.575607180595398,4588
19,truck,0.5689803957939148,12238
19,person,0.5463396906852722,2191
19,truck,0.5213385224342346,18472
19,car,0.516839861869812,11683
19,car,0.4708620607852936,17044
19,car,0.47085797786712646,2410
19,person,0.46132925152778625,1792
19,car,0.45840340852737427,7645
19,car,0.4490549564361572,27010
19,motorcycle,0.43399330973625183,1339
19,car,0.3833082616329193,2200
19,person,0.38128307461738586,1249
19,truck,0.360927015542984,4120
19,clock,0.3540412485599518,5479
19,car,0.35298866033554077,25298
19,person,0.34639760851860046,2773
19,truck,0.34445202350616455,11530
19,car,0.3372841477394104,5942
19,motorcycle,0.3328923285007477,2635
19,truck,0.29168152809143066,27412
19,motorcycle,0.2699257433414459,2386
19,car,0.25881925225257874,2632
20,car,0.8880323767662048,36308
20,car,0.8658875823020935,46622
20,car,0.8299118876457214,29072
20,bus,0.8068069815635681,9235
20,car,0.7796449661254883,38705
20,car,0.7008020281791687,12373
20,motorcycle,0.6931816339492798,3556
20,car,0.6462123990058899,13912
20,car,0.6431111693382263,6916
20,car,0.6366700530052185,19231
20,car,0.6306400299072266,35965
20,car,0.6213977336883545,20896
20,car,0.5655614137649536,4588
20,truck,0.53611820936203,12382
20,truck,0.5198026299476624,18655
20,car,0.4976971745491028,11833
20,car,0.496651291847229,27100
20,person,0.4920510947704315,1279
20,car,0.48610010743141174,17062
20,car,0.46551313996315,5251
20,person,0.4397422671318054,2146
20,motorcycle,0.4316273331642151,2215
20,car,0.4066696763038635,2497
20,truck,0.4023163914680481,21028
20,car,0.3999937176704407,7609
20,truck,0.375644713640213,35512
20,truck,0.3550158441066742,27142
20,person,0.3520675003528595,2746
20,truck,0.33814555406570435,4129
20,truck,0.3241240084171295,11539
20,car,0.30840548872947693,2920
20,person,0.3022647202014923,2461
20,truck,0.2967289388179779,30947
20,motorcycle,0.2964118719100952,1747
20,truck,0.29439210891723633,5251
20,car,0.2621577978134155,2347
20,motorcycle,0.25299450755119324,1585
20,car,0.25152021646499634,1900
21,car,0.8875798583030701,36290
21,car,0.8649513721466064,46604
21,car,0.8280009031295776,29090
21,bus,0.8078025579452515,9235
21,car,0.7822257876396179,38714
21,car,0.7047321796417236,12373
21,motorcycle,0.6923613548278809,3556
21,car,0.6410923004150391,13912
21,car,0.6408476233482361,6940
21,car,0.6358142495155334,19231
21,car,0.6299785375595093,36091
21,car,0.6200131773948669,20851
21,car,0.567747175693512,4168
21,truck,0.5334725379943848,12391
21,truck,0.5142472386360168,18463
21,car,0.4942691922187805,11833
21,car,0.49192970991134644,27169
21,person,0.4907868802547455,1279
21,car,0.4746873378753662,17125
21,car,0.46364814043045044,5251
21,person,0.4427986443042755,2110
21,motorcycle,0.43228650093078613,2215
21,car,0.4052748680114746,2497
21,car,0.40460312366485596,7600
21,truck,0.392826646566391,20947
21,truck,0.3819071650505066,35512
21,truck,0.3624770939350128,27175
21,person,0.3554627597332001,2746
21,truck,0.3439895808696747,4129
21,truck,0.32655617594718933,30947
21,truck,0.32182011008262634,11539
21,car,0.3053174614906311,2920
21,person,0.30156201124191284,2470
21,truck,0.29515665769577026,5251
21,motorcycle,0.29442527890205383,1711
21,car,0.2624204754829407,2347
21,motorcycle,0.253294974565506,1585
22,car,0.9085105657577515,36650
22,bus,0.8240252137184143,9547
22,car,0.8193202018737793,46694
22,car,0.8182275295257568,26912
22,car,0.7552305459976196,41162
22,car,0.7511803507804871,13459
22,car,0.6622931361198425,6991
22,car,0.6588950157165527,5926
22,car,0.6317781209945679,3310
22,car,0.5930588841438293,20869
22,motorcycle,0.548539400100708,3784
22,car,0.5372205972671509,35353
22,truck,0.524914562702179,18670
22,truck,0.519304633140564,12355
22,car,0.4974147379398346,11716
22,truck,0.4931444525718689,34882
22,car,0.4716942608356476,27409
22,person,0.4699926972389221,1495
22,car,0.46056896448135376,17098
22,motorcycle,0.46029800176620483,1690
22,truck,0.4480265974998474,20884
22,car,0.444187730550766,7582
22,truck,0.42813536524772644,30911
22,car,0.4182156026363373,2647
22,person,0.4045182466506958,2209
22,truck,0.3975992500782013,27439
22,person,0.39735305309295654,2497
22,car,0.389782190322876,13213
22,car,0.38600388169288635,18754
22,truck,0.3843015432357788,18952
22,person,0.37260743975639343,2737
22,truck,0.34930819272994995,4129
22,truck,0.3307949900627136,11503
22,motorcycle,0.30517348647117615,1465
22,car,0.2574903964996338,2884
22,car,0.2553226053714752,1900
23,car,0.9127092957496643,38885
23,car,0.823599636554718,46358
23,car,0.8106670379638672,20903
23,bus,0.7833411693572998,9196
23,car,0.7206522226333618,13777
23,car,0.7115787267684937,7240
23,car,0.6900009512901306,3505
23,truck,0.634736180305481,34489
23,car,0.5967780351638794,6316
23,car,0.5808876156806946,20761
23,truck,0.5535415410995483,12436
23,car,0.55064457654953,11626
23,truck,0.5459667444229126,18589
23,car,0.541153073310852,27781
23,motorcycle,0.5105085372924805,1936
23,motorcycle,0.5052881836891174,1594
23,truck,0.4934910237789154,30920
23,car,0.49007362127304077,17089
23,truck,0.4836801588535309,20929
23,car,0.46581608057022095,46010
23,car,0.44736602902412415,2827
23,car,0.4440784752368927,7564
23,person,0.43846771121025085,1843
23,truck,0.4327974021434784,46154
23,car,0.43161576986312866,34723
23,truck,0.4294765293598175,20494
23,person,0.4204980432987213,2737
23,truck,0.40597036480903625,12325
23,truck,0.3953816592693329,27823
23,motorcycle,0.364189475774765,2497
23,truck,0.3590918481349945,11557
23,car,0.3487900197505951,2797
23,person,0.3240717947483063,1903
23,car,0.3223503530025482,1900
23,car,0.317717969417572,2851
23,person,0.3155232071876526,1669
23,motorcycle,0.3001495897769928,850
23,truck,0.2752875089645386,4129
23,motorcycle,0.2604745924472809,808
24,car,0.9129979610443115,38852
24,car,0.8237726092338562,46358
24,car,0.810768187046051,20903
24,bus,0.7828876376152039,9196
24,car,0.7189351916313171,13777
24,car,0.7119833827018738,7249
24,car,0.6897448897361755,3505
24,truck,0.6375712156295776,34471
24,car,0.5973645448684692,6316
24,car,0.5796334147453308,20797
24,truck,0.5513045191764832,12436
24,car,0.5483541488647461,11662
24,truck,0.5459122657775879,18580
24,car,0.5371538996696472,27781
24,motorcycle,0.511976420879364,1936
24,motorcycle,0.5067098736763,1594
24,truck,0.48834747076034546,20920
24,car,0.4881066083908081,17089
24,truck,0.48764875531196594,30911
24,car,0.4666454493999481,46001
24,car,0.4475709795951843,2827
24,car,0.44213053584098816,7555
24,person,0.4398915469646454,1843
24,truck,0.433864563703537,46130
24,truck,0.43055206537246704,20494
24,car,0.4304918944835663,34723
24,person,0.42020535469055176,2737
24,truck,0.40457794070243835,12325
24,truck,0.4002808928489685,27814
24,motorcycle,0.3654458820819855,2497
24,truck,0.35920974612236023,11548
24,car,0.34789803624153137,2797
24,person,0.32437047362327576,1894
24,car,0.32237759232521057,1900
24,car,0.31750062108039856,2851
24,person,0.31376805901527405,1669
24,motorcycle,0.29794812202453613,850
24,truck,0.2797167897224426,4129
24,motorcycle,0.25803637504577637,808
24,motorcycle,0.25107529759407043,1360
25,car,0.9127004742622375,40667
25,car,0.8585270047187805,45680
25,bus,0.8171802163124084,8587
25,car,0.8022910952568054,14212
25,car,0.7223811149597168,17558
25,car,0.7036424279212952,6958
25,car,0.6145894527435303,20815
25,car,0.6090805530548096,27757
25,truck,0.6008426547050476,34417
25,car,0.5950481295585632,11575
25,car,0.561369776725769,3505
25,car,0.5606496334075928,17074
25,car,0.5394395589828491,5536
25,car,0.5188385248184204,2710
25,truck,0.5112249851226807,12427
25,person,0.5021970272064209,1957
25,truck,0.49470266699790955,18826
25,motorcycle,0.4924634099006653,3034
25,truck,0.4872129261493683,48302
25,truck,0.4542864263057709,21010
25,car,0.45123571157455444,7636
25,motorcycle,0.4435359537601471,1489
25,person,0.43170785903930664,2728
25,car,0.4310430884361267,20167
25,car,0.42827287316322327,2800
25,truck,0.4279998242855072,31046
25,car,0.42767563462257385,34543
25,truck,0.38361772894859314,13252
25,motorcycle,0.3791195750236511,2146
25,car,0.3594090938568115,48636
25,car,0.3312092125415802,13372
25,car,0.33097904920578003,2797
25,motorcycle,0.3176320195198059,1600
25,car,0.31252041459083557,1900
25,motorcycle,0.2959538698196411,1270
25,motorcycle,0.25292229652404785,1327
26,car,0.917808473110199,38935
26,car,0.8646017909049988,45359
26,bus,0.7850296497344971,8419
26,car,0.7372387647628784,14383
26,car,0.7257297039031982,7021
26,car,0.6661202311515808,6547
26,car,0.6657664775848389,10940
26,car,0.6393701434135437,20767
26,car,0.6009370684623718,28255
26,car,0.5994498133659363,17179
26,car,0.5964330434799194,12232
26,car,0.5942402482032776,3100
26,car,0.5851725339889526,11629
26,car,0.5822689533233643,2914
26,truck,0.5755923390388489,33985
26,person,0.5528573989868164,2269
26,car,0.5388759970664978,49733
26,truck,0.5224820971488953,12418
26,truck,0.47762444615364075,18817
26,car,0.4709451496601105,7645
26,person,0.4660782217979431,2584
26,truck,0.46504297852516174,31280
26,car,0.4539482593536377,2881
26,car,0.4534459114074707,34156
26,motorcycle,0.45043617486953735,1840
26,person,0.43664127588272095,1048
26,truck,0.4113563001155853,20947
26,truck,0.40869173407554626,49622
26,motorcycle,0.3962494730949402,1657
26,car,0.3566889762878418,2860
26,car,0.3295941650867462,21643
26,car,0.3116128742694855,1444
26,motorcycle,0.3009265065193176,1570
26,motorcycle,0.296455055475235,1675
26,motorcycle,0.28768086433410645,1261
26,truck,0.2854014039039612,21904
26,truck,0.28211545944213867,4138
27,car,0.9177938103675842,38953
27,car,0.864504873752594,45350
27,bus,0.7840664982795715,8419
27,car,0.7386058568954468,14383
27,car,0.7232077717781067,7012
27,car,0.6662818789482117,10940
27,car,0.6632575392723083,6547
27,car,0.6402786374092102,20776
27,car,0.6063376069068909,28255
27,car,0.6002906560897827,17188
27,car,0.5927874445915222,3100
27,car,0.5869242548942566,11629
27,car,0.5834771394729614,2914
27,car,0.5820684432983398,12232
27,truck,0.5706081390380859,33967
27,person,0.55254065990448,2278
27,car,0.543793261051178,49733
27,truck,0.5184990763664246,12427
27,truck,0.47978493571281433,18817
27,car,0.4715171158313751,7627
27,person,0.4688204526901245,2593
27,truck,0.4650433361530304,31280
27,car,0.4576403498649597,34093
27,car,0.45220309495925903,2881
27,motorcycle,0.44525450468063354,1840
27,person,0.437556654214859,1048
27,truck,0.40934520959854126,20920
27,truck,0.4026070535182953,49631
27,motorcycle,0.3951977491378784,1657
27,car,0.35502877831459045,2860
27,car,0.3275226652622223,21643
27,car,0.31059569120407104,1444
27,motorcycle,0.3025364279747009,1570
27,motorcycle,0.29434770345687866,1675
27,motorcycle,0.28995269536972046,1270
27,truck,0.2832542955875397,21904
27,truck,0.278277724981308,4138
28,car,0.9137816429138184,37345
28,car,0.8658709526062012,44885
28,car,0.8066446781158447,14881
28,bus,0.8019979000091553,8446
28,car,0.689527690410614,7252
28,car,0.676620602607727,50726
28,car,0.6760520935058594,20776
28,motorcycle,0.6664314866065979,2197
28,car,0.618369460105896,11200
28,car,0.5997318029403687,5602
28,motorcycle,0.5850021839141846,1405
28,car,0.5836917757987976,11770
28,car,0.5825446248054504,17215
28,car,0.5671396851539612,28162
28,car,0.5428913235664368,34336
28,car,0.5347294211387634,6911
28,person,0.5306440591812134,1852
28,car,0.5253856182098389,7726
28,truck,0.5150299668312073,12436
28,person,0.5006522536277771,2746
28,motorcycle,0.49040883779525757,2050
28,car,0.48883888125419617,2980
28,truck,0.4791792035102844,18736
28,truck,0.4554184377193451,34156
28,truck,0.4528351426124573,31181
28,car,0.43459340929985046,3007
28,car,0.4295850992202759,2920
28,person,0.39394012093544006,1072
28,motorcycle,0.3829181492328644,1636
28,truck,0.34123918414115906,22552
28,clock,0.31122833490371704,5530
28,truck,0.3095715045928955,4138
28,car,0.29762348532676697,22615
28,car,0.26763367652893066,2914
28,car,0.25751298666000366,1900
29,car,0.9113887548446655,33994
29,car,0.8723541498184204,44675
29,bus,0.8147637248039246,8695
29,car,0.8012415766716003,15643
29,car,0.7393161058425903,7750
29,car,0.7081130146980286,6559
29,car,0.6938520669937134,11065
29,truck,0.6696193218231201,35170
29,car,0.6594769954681396,20218
29,car,0.6418407559394836,3610
29,motorcycle,0.6371450424194336,2383
29,car,0.6291013360023499,11719
29,car,0.6011359691619873,17272
29,car,0.5951738953590393,3070
29,car,0.5618128776550293,28681
29,person,0.5517352223396301,2629
29,car,0.5501609444618225,7369
29,truck,0.5487236380577087,12346
29,motorcycle,0.5346843600273132,1738
29,truck,0.5301371216773987,31325
29,truck,0.5287613868713379,53006
29,motorcycle,0.49727651476860046,2293
29,truck,0.4959232807159424,18409
29,person,0.4008202850818634,2704
29,motorcycle,0.38828784227371216,1888
29,truck,0.3813708424568176,28645
29,car,0.3728884756565094,52985
29,car,0.3285163938999176,2839
29,car,0.2973164916038513,3001
29,car,0.29045456647872925,23029
29,car,0.2734642028808594,1900
29,person,0.2603510618209839,2842
29,person,0.2593182921409607,1534
30,car,0.9114696383476257,34003
30,car,0.872821033000946,44675
30,bus,0.8147353529930115,8695
30,car,0.800052285194397,15661
30,car,0.7415509223937988,7741
30,car,0.708638072013855,6559
30,car,0.694901168346405,11065
30,truck,0.6739113330841064,35170
30,car,0.6614142060279846,20218
30,car,0.6453330516815186,3610
30,motorcycle,0.6361057758331299,2383
30,car,0.6302515864372253,11719
30,car,0.6014518737792969,17272
30,car,0.5956385135650635,3070
30,car,0.5605708956718445,28648
30,person,0.5522637963294983,2629
30,car,0.5509361624717712,7369
30,truck,0.5460625886917114,12346
30,motorcycle,0.5458897948265076,1738
30,truck,0.5332542061805725,31325
30,truck,0.5220150351524353,53033
30,motorcycle,0.4961619973182678,2293
30,truck,0.49313852190971375,18358
30,person,0.3991984724998474,2701
30,motorcycle,0.3903060853481293,1888
30,car,0.37982678413391113,52967
30,truck,0.37522411346435547,28645
30,car,0.3253861963748932,2839
30,car,0.2984120845794678,3001
30,car,0.29293888807296753,23029
30,car,0.2747825086116791,1900
30,person,0.2675084173679352,2865
30,person,0.26009881496429443,1534
31,car,0.8934043049812317,32914
31,car,0.8826433420181274,43448
31,car,0.8463318943977356,16972
31,bus,0.8076229095458984,8650
31,car,0.7682843804359436,7633
31,truck,0.7305382490158081,34783
31,car,0.6975379586219788,6157
31,car,0.6540008783340454,3565
31,car,0.6446995735168457,20233
31,car,0.6235632300376892,17263
31,truck,0.6123847365379333,31397
31,car,0.6000095009803772,2806
31,motorcycle,0.5926838517189026,2623
31,car,0.5925545692443848,11656
31,car,0.5806763768196106,29149
31,truck,0.5726674199104309,52970
31,person,0.5723989009857178,2629
31,car,0.5559017658233643,7279
31,truck,0.5368741154670715,12355
31,person,0.4931333065032959,1357
31,truck,0.47328904271125793,18427
31,car,0.428728312253952,9934
31,car,0.4106246829032898,2749
31,truck,0.38613569736480713,29185
31,car,0.3754172623157501,24025
31,person,0.374390572309494,1003
31,motorcycle,0.35513836145401,1579
31,car,0.3326062858104706,3055
31,motorcycle,0.32917314767837524,2662
31,truck,0.31679120659828186,24124
31,motorcycle,0.31269559264183044,1210
31,motorcycle,0.31008660793304443,1669
31,person,0.3091883063316345,5168
31,person,0.307899534702301,2842
31,motorcycle,0.2639327943325043,2140
31,person,0.25244230031967163,1450
32,car,0.9130901098251343,30535
32,car,0.8700310587882996,42644
32,car,0.8096849918365479,17563
32,car,0.784130871295929,7225
32,bus,0.7765032649040222,7513
32,car,0.7574284076690674,5518
32,car,0.6896644234657288,25444
32,car,0.6869339942932129,17155
32,car,0.6793217658996582,20287
32,car,0.6781359314918518,2899
32,car,0.6610997915267944,3010
32,car,0.6609434485435486,9529
32,person,0.6204159259796143,2539
32,truck,0.6006545424461365,31442
32,car,0.60013747215271,11656
32,car,0.5888235569000244,8413
32,truck,0.5579640865325928,34612
32,car,0.5499624609947205,52885
32,car,0.5298327207565308,29737
32,truck,0.5168747305870056,12373
32,truck,0.45853230357170105,18781
32,motorcycle,0.44915229082107544,3385
32,person,0.42826107144355774,1738
32,motorcycle,0.3771003186702728,1861
32,truck,0.3487207591533661,4183
32,person,0.31223368644714355,1015
32,truck,0.31083208322525024,29413
32,clock,0.3034202456474304,5503
32,person,0.2964864671230316,4750
32,car,0.2947505712509155,2488
32,person,0.28037941455841064,1516
32,motorcycle,0.27431267499923706,1252
32,motorcycle,0.25286638736724854,1423
33,car,0.9131148457527161,30499
33,car,0.8699383735656738,42644
33,car,0.8096808791160583,17563
33,car,0.7844250798225403,7225
33,bus,0.7763563394546509,7513
33,car,0.7575976252555847,5518
33,car,0.689849853515625,25444
33,car,0.687068521976471,17155
33,car,0.6792396903038025,20287
33,car,0.6784126162528992,2899
33,car,0.6624704599380493,9520
33,car,0.6612544059753418,3010
33,person,0.6184766888618469,2530
33,truck,0.6006803512573242,31442
33,car,0.6005147099494934,11656
33,car,0.5891710519790649,8413
33,truck,0.5582780838012695,34612
33,car,0.5497353672981262,52885
33,car,0.5295225977897644,29737
33,truck,0.5167978405952454,12373
33,truck,0.45849379897117615,18781
33,motorcycle,0.4487387239933014,3385
33,person,0.42849141359329224,1738
33,motorcycle,0.378057599067688,1852
33,truck,0.3494865894317627,4183
33,person,0.3119087517261505,1015
33,truck,0.3099218010902405,29413
33,clock,0.30522605776786804,5503
33,person,0.29649820923805237,4750
33,car,0.2949860394001007,2488
33,person,0.28048986196517944,1516
33,motorcycle,0.2730870246887207,1252
33,motorcycle,0.252962589263916,1423
34,car,0.9237900972366333,29920
34,car,0.8589413166046143,18424
34,car,0.799886167049408,42677
34,bus,0.7841785550117493,7546
34,car,0.7759464383125305,7216
34,car,0.6577203869819641,5629
34,car,0.6524559855461121,20287
34,car,0.6479800939559937,17209
34,car,0.6266224980354309,2845
34,person,0.6137922406196594,1696
34,car,0.6006839275360107,3310
34,truck,0.5914204120635986,31487
34,truck,0.5822819471359253,34933
34,car,0.578340470790863,7798
34,car,0.5782194137573242,9832
34,car,0.5759767293930054,49552
34,car,0.5726339221000671,26002
34,car,0.5620279908180237,11638
34,car,0.5409737229347229,29839
34,truck,0.5019726753234863,12364
34,person,0.4730372428894043,1903
34,motorcycle,0.4692661762237549,2815
34,truck,0.4652516841888428,18790
34,car,0.3801153600215912,2293
34,truck,0.3718642294406891,50431
34,truck,0.3696693480014801,20338
34,motorcycle,0.35770297050476074,1249
34,truck,0.3321053385734558,4183
34,person,0.3180127739906311,1318
34,person,0.31718337535858154,4630
34,truck,0.3161042332649231,29575
34,car,0.3077528476715088,3556
34,person,0.28010907769203186,1372
34,motorcycle,0.2766963839530945,1423
34,motorcycle,0.2752637565135956,2518
34,person,0.25668659806251526,2374
34,car,0.25209280848503113,1285
35,car,0.9127455353736877,27481
35,car,0.8869099617004395,20785
35,bus,0.8386206030845642,7171
35,car,0.8257601261138916,40811
35,car,0.7655486464500427,7261
35,car,0.7567229270935059,27520
35,car,0.7446735501289368,6997
35,car,0.6980748176574707,2470
35,car,0.6911666989326477,20332
35,car,0.6515631079673767,30868
35,car,0.6468306183815002,9094
35,car,0.6454500555992126,3670
35,car,0.6242491006851196,17155
35,truck,0.6209262609481812,34600
35,car,0.5876317024230957,7861
35,car,0.5732976198196411,46966
35,person,0.5657811760902405,1726
35,truck,0.562545120716095,31343
35,motorcycle,0.5569396615028381,2569
35,car,0.5369074940681458,11599
35,truck,0.48101454973220825,12364
35,person,0.4782586991786957,1510
35,person,0.467557430267334,4736
35,truck,0.4623059928417206,18727
35,truck,0.4457716643810272,46948
35,person,0.44340336322784424,1621
35,car,0.4230039417743683,2179
35,truck,0.4028187692165375,4156
35,car,0.401360422372818,6110
35,clock,0.38158944249153137,5512
35,motorcycle,0.3248246908187866,1996
35,car,0.3097881078720093,4408
35,car,0.28009483218193054,1357
35,person,0.2645759880542755,2596
35,motorcycle,0.26149699091911316,2836
35,car,0.26122432947158813,4510
36,car,0.9126685857772827,27481
36,car,0.8869568109512329,20803
36,bus,0.8386593461036682,7171
36,car,0.8267965912818909,40775
36,car,0.7649284601211548,7252
36,car,0.7560205459594727,27520
36,car,0.7451934218406677,6997
36,car,0.6969091892242432,2470
36,car,0.6884222030639648,20341
36,car,0.6508909463882446,30832
36,car,0.6477459669113159,9079
36,car,0.6446699500083923,3670
36,car,0.6214385628700256,17182
36,truck,0.6144792437553406,34573
36,car,0.5883296132087708,7870
36,car,0.572817325592041,47011
36,person,0.5655198097229004,1726
36,truck,0.56333327293396,31343
36,motorcycle,0.5556955337524414,2569
36,car,0.5372105836868286,11599
36,person,0.47759947180747986,1510
36,truck,0.4723765254020691,12373
36,truck,0.4676293432712555,18790
36,person,0.46703654527664185,4736
36,clock,0.4500972330570221,5494
36,truck,0.44732123613357544,46984
36,person,0.4436825215816498,1621
36,car,0.4221780300140381,2179
36,truck,0.399196058511734,4156
36,car,0.3972746431827545,6110
36,motorcycle,0.32188811898231506,1984
36,car,0.3094552755355835,4408
36,car,0.27047696709632874,1357
36,person,0.2644234001636505,2587
36,motorcycle,0.2619773745536804,2836
36,car,0.26032087206840515,4510
37,car,0.9196344017982483,25315
37,car,0.8614974021911621,19819
37,bus,0.8262249231338501,7261
37,car,0.7808533906936646,40589
37,car,0.7646194696426392,7261
37,car,0.7541131377220154,7339
37,car,0.7527567744255066,28063
37,car,0.7228768467903137,8455
37,car,0.6790609955787659,31348
37,car,0.6655609607696533,20404
37,car,0.6056369543075562,3688
37,car,0.6016269326210022,17209
37,car,0.5863927006721497,45604
37,car,0.5828838348388672,2329
37,truck,0.574184000492096,34984
37,truck,0.5653858184814453,31361
37,car,0.5607857704162598,7333
37,car,0.5423866510391235,8588
37,person,0.540944516658783,2533
37,motorcycle,0.5207252502441406,3145
37,motorcycle,0.49285054206848145,1984
37,truck,0.488713800907135,12373
37,car,0.48336130380630493,11539
37,person,0.46119168400764465,1657
37,truck,0.4548209309577942,18880
37,truck,0.4339140057563782,44212
37,truck,0.42356500029563904,4138
37,person,0.4155882000923157,1465
37,car,0.39735403656959534,2101
37,truck,0.3798011541366577,21487
37,car,0.37525475025177,3844
37,clock,0.3408801853656769,5452
37,truck,0.3316619396209717,11494
37,person,0.3020223081111908,6128
37,motorcycle,0.2986995577812195,2095
37,person,0.2679848372936249,2449
38,car,0.9037506580352783,22711
38,car,0.8926752805709839,21202
38,car,0.8029074668884277,38456
38,bus,0.7907209396362305,7360
38,car,0.7747089862823486,29602
38,car,0.7533330917358398,32749
38,car,0.7488951086997986,7234
38,car,0.7249404788017273,13829
38,car,0.689782977104187,8743
38,car,0.6599394679069519,7915
38,car,0.6320686936378479,41596
38,car,0.600253164768219,20386
38,car,0.5895698666572571,3151
38,person,0.5862529277801514,2461
38,truck,0.5762022733688354,31415
38,car,0.5691044926643372,3733
38,car,0.568920910358429,17254
38,truck,0.5571361184120178,35806
38,person,0.5380296111106873,1822
38,person,0.5322201251983643,1285
38,motorcycle,0.5170113444328308,1162
38,truck,0.5156145691871643,21388
38,car,0.5134860277175903,2830
38,motorcycle,0.4924127757549286,997
38,car,0.48431941866874695,7600
38,car,0.47863152623176575,11503
38,truck,0.4761085510253906,12373
38,truck,0.46161651611328125,18442
38,motorcycle,0.4518408477306366,2500
38,truck,0.4018234610557556,4093
38,clock,0.3707020580768585,5434
38,truck,0.3492964208126068,11458
38,car,0.3445455729961395,37450
38,car,0.3178326487541199,3409
38,motorcycle,0.250978946685791,1114
39,car,0.9036390781402588,22711
39,car,0.892492949962616,21202
39,car,0.8038607239723206,38447
39,bus,0.7906002402305603,7360
39,car,0.7731038928031921,29638
39,car,0.7487215995788574,7234
39,car,0.7470340728759766,32749
39,car,0.725665807723999,13829
39,car,0.6899940967559814,8743
39,car,0.6565972566604614,7915
39,car,0.6301438212394714,41596
39,car,0.6025915145874023,20422
39,car,0.5894595980644226,3151
39,person,0.587781548500061,2461
39,truck,0.5768315196037292,31424
39,car,0.5699991583824158,3733
39,car,0.5691258907318115,17254
39,truck,0.5611971020698547,35797
39,person,0.5387134552001953,1822
39,person,0.5321561098098755,1285
39,truck,0.5165242552757263,21415
39,motorcycle,0.516484260559082,1162
39,car,0.5133128762245178,2830
39,motorcycle,0.4898858964443207,997
39,car,0.4836161732673645,7243
39,truck,0.4795564115047455,12328
39,car,0.4754732847213745,11494
39,truck,0.4626355767250061,18424
39,motorcycle,0.4522969126701355,2500
39,truck,0.4024525284767151,4093
39,clock,0.365546315908432,5434
39,truck,0.3522263765335083,11449
39,car,0.34030285477638245,37441
39,car,0.3162996470928192,3409
39,motorcycle,0.2510066032409668,1114
40,car,0.9054709672927856,23140
40,car,0.8931827545166016,22408
40,car,0.8228338956832886,38291
40,bus,0.8172167539596558,7405
40,car,0.7978395819664001,16516
40,car,0.7502452731132507,33631
40,car,0.7452306151390076,7633
40,car,0.7297834753990173,30643
40,car,0.716511070728302,8077
40,car,0.6971621513366699,2842
40,car,0.6823330521583557,39337
40,car,0.6134535670280457,20404
40,truck,0.6125177145004272,31325
40,person,0.6081628799438477,8564
40,car,0.5982089042663574,3682
40,car,0.5934478640556335,8341
40,person,0.5758402943611145,2470
40,person,0.572821855545044,1414
40,motorcycle,0.5692890286445618,2764
40,truck,0.559701144695282,37531
40,car,0.5459116697311401,17236
40,car,0.5332901477813721,2794
40,person,0.5262894034385681,2167
40,truck,0.5260005593299866,20545
40,truck,0.5079668164253235,12274
40,car,0.494576096534729,11521
40,car,0.4899645149707794,7618
40,truck,0.47430792450904846,18496
40,motorcycle,0.44919273257255554,1810
40,truck,0.4178943336009979,4120
40,car,0.40145793557167053,3487
40,motorcycle,0.382781445980072,1030
40,car,0.38131970167160034,37666
40,truck,0.357984721660614,11440
40,clock,0.3143528401851654,5407
40,motorcycle,0.29745030403137207,1120
41,car,0.9080337285995483,19714
41,car,0.9042262434959412,25312
41,car,0.8071929216384888,22685
41,bus,0.8068357110023499,7885
41,car,0.7950796484947205,35807
41,car,0.7839794158935547,33967
41,car,0.7341755032539368,3241
41,car,0.6927939057350159,35800
41,car,0.680055558681488,6964
41,car,0.675883412361145,32941
41,car,0.6541137099266052,20611
41,car,0.6501802206039429,7477
41,car,0.6278061866760254,3463
41,motorcycle,0.597865104675293,2338
41,car,0.5829206109046936,2731
41,car,0.5770198702812195,7561
41,car,0.5750086307525635,17314
41,truck,0.5576171875,31076
41,truck,0.5331974029541016,12265
41,person,0.5305331945419312,2422
41,car,0.5277436375617981,38404
41,car,0.5145760178565979,11548
41,person,0.5029486417770386,1636
41,car,0.5011674761772156,7699
41,truck,0.4591977596282959,18664
41,motorcycle,0.44885408878326416,1840
41,truck,0.4280824065208435,20680
41,person,0.4227985739707947,1105
41,truck,0.40846291184425354,35834
41,clock,0.39153435826301575,5407
41,truck,0.3882439434528351,36742
41,truck,0.36382368206977844,4138
41,truck,0.35848432779312134,11449
41,person,0.33962753415107727,640
41,car,0.31822291016578674,3199
41,person,0.2734982967376709,7950
41,person,0.2707103192806244,1336
41,motorcycle,0.2654993236064911,1312
42,car,0.9080750942230225,19714
42,car,0.904063880443573,25312
42,car,0.807113766670227,22685
42,bus,0.8069895505905151,7876
42,car,0.7955024838447571,35843
42,car,0.782641589641571,33958
42,car,0.7342453598976135,3241
42,car,0.6949390769004822,35809
42,car,0.6785854697227478,6964
42,car,0.6721020936965942,32932
42,car,0.6533594131469727,20602
42,car,0.6510990262031555,7477
42,car,0.6280173063278198,3463
42,motorcycle,0.6027887463569641,2284
42,car,0.5830194354057312,2731
42,car,0.577477753162384,7561
42,car,0.5733319520950317,17305
42,truck,0.557944118976593,31148
42,car,0.5328922271728516,38404
42,truck,0.5313538908958435,12220
42,person,0.5295971035957336,2413
42,car,0.5147963166236877,11548
42,person,0.5065867304801941,1636
42,car,0.4998275637626648,7690
42,truck,0.4606670141220093,18664
42,motorcycle,0.4533514082431793,1840
42,truck,0.4287905693054199,20680
42,person,0.4235871434211731,1105
42,truck,0.40756502747535706,35834
42,clock,0.3967326879501343,5407
42,truck,0.38192519545555115,36760
42,truck,0.3618665635585785,4138
42,truck,0.3561382591724396,11449
42,person,0.3406859040260315,640
42,car,0.31833094358444214,3199
42,person,0.27123305201530457,8091
42,person,0.269734650850296,1336
42,motorcycle,0.26907745003700256,1312
43,car,0.9005739092826843,18508
43,car,0.8981315493583679,25933
43,car,0.8455079197883606,24842
43,car,0.7973154187202454,35473
43,bus,0.7710252404212952,7348
43,car,0.7708674669265747,34555
43,car,0.7383869886398315,2800
43,car,0.6886234879493713,7297
43,car,0.639700710773468,6946
43,car,0.6231316328048706,33463
43,car,0.6156673431396484,20530
43,truck,0.6113162040710449,35812
43,person,0.587034285068512,7770
43,car,0.5848180055618286,37198
43,truck,0.5728232264518738,31049
43,motorcycle,0.5641928911209106,2998
43,truck,0.5600353479385376,12415
43,car,0.5299179553985596,17386
43,car,0.49130693078041077,8482
43,truck,0.4889272451400757,18637
43,car,0.4835996627807617,2731
43,car,0.48211565613746643,35740
43,truck,0.47007787227630615,20566
43,truck,0.4690667688846588,11458
43,car,0.45923829078674316,7795
43,person,0.4453469216823578,2362
43,car,0.4396902620792389,3130
43,person,0.43329811096191406,1750
43,truck,0.4283493161201477,4147
43,person,0.4206773638725281,1768
43,motorcycle,0.42059022188186646,1930
43,truck,0.40288275480270386,38680
43,clock,0.3925108313560486,5371
43,car,0.3917444944381714,11593
43,motorcycle,0.33715078234672546,1804
43,car,0.3279496431350708,2929
43,truck,0.3056758642196655,35104
43,car,0.3018878400325775,4754
43,motorcycle,0.2533901333808899,1564
43,person,0.251730352640152,1081
44,car,0.8935116529464722,27961
44,car,0.8870399594306946,18094
44,car,0.8513586521148682,29567
44,car,0.8350346684455872,32353
44,car,0.812423586845398,35893
44,bus,0.7618433833122253,7411
44,car,0.7163813710212708,12173
44,car,0.7082160115242004,39415
44,car,0.6541851162910461,2737
44,car,0.6517769694328308,20449
44,car,0.647749125957489,7534
44,person,0.5923429727554321,9219
44,truck,0.590354323387146,12292
44,car,0.5724629759788513,17323
44,car,0.5659956932067871,3475
44,motorcycle,0.5533089637756348,3049
44,car,0.5374677777290344,32107
44,car,0.5364812016487122,7234
44,car,0.5333474278450012,35737
44,truck,0.5195110440254211,31022
44,person,0.513323187828064,1864
44,car,0.4888019561767578,7768
44,car,0.48246824741363525,8074
44,person,0.47077760100364685,2257
44,truck,0.45198994874954224,18682
44,car,0.4471152424812317,11557
44,motorcycle,0.4466431736946106,2533
44,clock,0.4338039755821228,4438
44,truck,0.4084397852420807,32188
44,truck,0.4083177149295807,20563
44,car,0.40198177099227905,2641
44,car,0.3778798580169678,3289
44,person,0.37649181485176086,1495
44,truck,0.3614639341831207,11458
44,truck,0.34245219826698303,39325
44,truck,0.3284282982349396,4156
44,truck,0.3205660581588745,32458
44,person,0.2983066439628601,1261
44,person,0.2632948160171509,952
44,motorcycle,0.26013773679733276,1378
45,car,0.8935563564300537,27961
45,car,0.8869524002075195,18094
45,car,0.8514040112495422,29567
45,car,0.8349975347518921,32362
45,car,0.8126309514045715,35839
45,bus,0.7621750235557556,7411
45,car,0.7135514616966248,12164
45,car,0.7078490257263184,37834
45,car,0.6542746424674988,2737
45,car,0.6474979519844055,20449
45,car,0.6473682522773743,7516
45,person,0.5934356451034546,9246
45,truck,0.5887153744697571,12310
45,car,0.5683217644691467,17332
45,car,0.5657646059989929,3511
45,motorcycle,0.5517266988754272,3049
45,car,0.5362188220024109,7234
45,car,0.5344796776771545,35791
45,car,0.5335364937782288,32116
45,truck,0.5209553241729736,31022
45,person,0.5104331374168396,1864
45,car,0.48563334345817566,7759
45,car,0.4821935296058655,8074
45,clock,0.47451257705688477,4420
45,person,0.4726450443267822,2257
45,truck,0.45443302392959595,18664
45,motorcycle,0.4457947313785553,2533
45,car,0.44496044516563416,11557
45,truck,0.41365960240364075,32197
45,truck,0.41246291995048523,20554
45,car,0.40193021297454834,2641
45,car,0.37832126021385193,3289
45,person,0.37463900446891785,1504
45,truck,0.3605082333087921,11449
45,truck,0.3437322676181793,39316
45,truck,0.32604771852493286,4156
45,truck,0.3190523386001587,32458
45,person,0.28186649084091187,1288
45,motorcycle,0.265440970659256,1555
45,person,0.26432931423187256,952
46,car,0.8911573886871338,17905
46,car,0.8866336941719055,28243
46,car,0.8168416619300842,31331
46,car,0.8161090612411499,14261
46,car,0.7999457716941833,36364
46,car,0.7838549017906189,38332
46,car,0.7749049663543701,31156
46,bus,0.7448153495788574,7492
46,car,0.7335069179534912,7792
46,car,0.6539418697357178,3850
46,car,0.6418710350990295,37105
46,car,0.6401711106300354,20620
46,car,0.6355444192886353,7516
46,car,0.6057900786399841,30835
46,car,0.568408727645874,2815
46,person,0.5654940009117126,9372
46,car,0.561549961566925,8122
46,car,0.5440365076065063,17281
46,truck,0.5417433977127075,12274
46,clock,0.5307319760322571,5380
46,motorcycle,0.5060825943946838,2416
46,truck,0.49909019470214844,30875
46,person,0.4948592185974121,2962
46,car,0.48914283514022827,7723
46,truck,0.4878814220428467,18907
46,person,0.46328577399253845,1738
46,car,0.4563036561012268,11557
46,car,0.4181765913963318,2242
46,truck,0.40282002091407776,20734
46,truck,0.3969558775424957,30934
46,truck,0.35919418931007385,11467
46,car,0.3458370566368103,3940
46,truck,0.33609816431999207,4120
46,person,0.32075777649879456,2026
46,motorcycle,0.3108704686164856,1897
46,motorcycle,0.3044918179512024,1339
46,truck,0.29302024841308594,31333
47,car,0.893169641494751,31684
47,car,0.8711090087890625,16783
47,car,0.8253509402275085,20738
47,car,0.7878109812736511,28156
47,car,0.7788466215133667,35072
47,car,0.776265025138855,39214
47,car,0.7553271055221558,36187
47,bus,0.7216202616691589,6607
47,car,0.7196335196495056,39625
47,car,0.6923007369041443,8932
47,car,0.6662630438804626,20653
47,car,0.6346901655197144,6718
47,car,0.62748122215271,2722
47,car,0.6236864328384399,6991
47,car,0.6095365881919861,17245
47,truck,0.5120308995246887,31049
47,car,0.5039767622947693,3892
47,car,0.5032205581665039,11557
47,person,0.5022022724151611,1792
47,motorcycle,0.4899066090583801,2812
47,truck,0.48966774344444275,12622
47,truck,0.4738435745239258,18925
47,car,0.4724568724632263,28606
47,person,0.4702150225639343,2443
47,car,0.461029052734375,7537
47,person,0.45163077116012573,1912
47,truck,0.44134393334388733,29152
47,truck,0.4377872943878174,34529
47,person,0.38081538677215576,4040
47,person,0.34688541293144226,1283
47,car,0.346486896276474,2116
47,motorcycle,0.3366662561893463,1498
47,clock,0.3082636892795563,5398
47,truck,0.30364543199539185,4156
47,person,0.27785468101501465,8486
47,motorcycle,0.2754257619380951,955
48,car,0.8931591510772705,31684
48,car,0.8710571527481079,16783
48,car,0.8244712948799133,20738
48,car,0.7874263525009155,28147
48,car,0.7790560722351074,35072
48,car,0.7749127745628357,39214
48,car,0.7517258524894714,36196
48,bus,0.7228100299835205,6607
48,car,0.7203165888786316,39625
48,car,0.6902651190757751,8932
48,car,0.664628803730011,20599
48,car,0.6342613697052002,6718
48,car,0.6275702118873596,2722
48,car,0.6219499707221985,6991
48,car,0.6065832376480103,17254
48,truck,0.513166069984436,31067
48,person,0.5036897659301758,1783
48,car,0.5034148693084717,3892
48,car,0.5028916001319885,11557
48,truck,0.4912809729576111,12622
48,motorcycle,0.4897404909133911,2785
48,truck,0.47428035736083984,18925
48,person,0.46977269649505615,2443
48,car,0.4689806401729584,28606
48,car,0.4605509638786316,7564
48,person,0.45037803053855896,1912
48,truck,0.4401947855949402,29152
48,truck,0.4382973611354828,34529
48,person,0.3790111243724823,4040
48,car,0.34743890166282654,2116
48,person,0.34621676802635193,1274
48,motorcycle,0.33715206384658813,1498
48,clock,0.3084268271923065,5398
48,truck,0.30285173654556274,4156
48,person,0.27629050612449646,8486
48,motorcycle,0.2752608358860016,955
49,car,0.8404491543769836,33091
49,car,0.8390253186225891,16648
49,car,0.7935779690742493,36179
49,car,0.7568150758743286,39070
49,car,0.7516542077064514,27214
49,car,0.7372861504554749,24458
49,car,0.7276809215545654,37330
49,car,0.6939077973365784,8308
49,bus,0.6767752170562744,6589
49,car,0.6388639807701111,20767
49,car,0.5915594696998596,7000
49,car,0.5801118612289429,4114
49,truck,0.5790275931358337,31130
49,car,0.5688936710357666,2776
49,car,0.5560102462768555,40081
49,car,0.5517228245735168,16699
49,truck,0.5271656513214111,12577
49,motorcycle,0.5119835734367371,2893
49,truck,0.5046371817588806,18907
49,person,0.5040567517280579,9215
49,car,0.4920963943004608,11548
49,person,0.46742191910743713,3124
49,motorcycle,0.4663896858692169,2071
49,car,0.4352581799030304,7564
49,motorcycle,0.41842493414878845,1177
49,person,0.40302711725234985,2416
49,person,0.39243656396865845,4214
49,person,0.375039666891098,2659
49,clock,0.3670158386230469,5443
49,truck,0.3652232885360718,4156
49,car,0.3465506434440613,6463
49,truck,0.33605721592903137,36188
49,truck,0.3352206349372864,26110
49,truck,0.32865336537361145,6490
49,car,0.3239935636520386,2101
49,person,0.31043940782546997,2000
49,person,0.2903958559036255,1894
49,car,0.27938804030418396,26254
49,car,0.25636881589889526,1444
50,car,0.8749794363975525,36838
50,car,0.859939455986023,15904
50,car,0.7448523640632629,38962
50,car,0.7359501123428345,23072
50,car,0.7136348485946655,36937
50,car,0.706857442855835,38723
50,car,0.6955705881118774,8233
50,bus,0.69347083568573,6793
50,car,0.6577432751655579,20770
50,car,0.6327102184295654,43723
50,car,0.6287858486175537,7000
50,truck,0.6081171035766602,31157
50,person,0.5778375267982483,8279
50,car,0.560843825340271,4276
50,truck,0.5593896508216858,25690
50,car,0.5513463020324707,27269
50,truck,0.5416659712791443,12283
50,car,0.5405498147010803,16273
50,car,0.5316557288169861,11602
50,car,0.5309580564498901,3112
50,truck,0.5020584464073181,18832
50,motorcycle,0.49349814653396606,3154
50,car,0.4521385431289673,7420
50,person,0.4335973262786865,3268
50,person,0.38926294445991516,1681
50,person,0.3651852011680603,8623
50,motorcycle,0.3627689480781555,1915
50,car,0.35194069147109985,6496
50,truck,0.34862905740737915,4120
50,car,0.3277985751628876,25600
50,car,0.3264736533164978,1723
50,person,0.30510658025741577,1090
50,motorcycle,0.2869926393032074,1213
50,car,0.281954288482666,3751
50,clock,0.27456191182136536,4396
51,car,0.874983012676239,36838
51,car,0.8598203063011169,15904
51,car,0.743762731552124,38962
51,car,0.7354975342750549,23072
51,car,0.7124577164649963,36937
51,car,0.7069699168205261,38723
51,car,0.6968273520469666,8758
51,bus,0.6939294934272766,6793
51,car,0.6561548709869385,20770
51,car,0.6323747634887695,43723
51,car,0.6284477114677429,7000
51,truck,0.6107414960861206,31157
51,person,0.5755237340927124,8288
51,truck,0.560852587223053,25690
51,car,0.5602508783340454,4276
51,car,0.5523581504821777,27269
51,truck,0.5426154136657715,12292
51,car,0.5411626100540161,16273
51,car,0.5313260555267334,3112
51,car,0.5312254428863525,11602
51,truck,0.5028290152549744,18832
51,motorcycle,0.49349918961524963,3154
51,car,0.4527497887611389,7420
51,person,0.43306753039360046,3268
51,person,0.3887288272380829,1681
51,person,0.36411023139953613,8614
51,motorcycle,0.36271950602531433,1915
51,car,0.35409238934516907,6496
51,truck,0.3497146964073181,4120
51,car,0.3265191912651062,1723
51,car,0.3244948983192444,25600
51,person,0.30502548813819885,1090
51,motorcycle,0.287041038274765,1213
51,car,0.28213921189308167,3751
51,clock,0.2757166624069214,4396
52,car,0.8751143217086792,38951
52,car,0.8671679496765137,14359
52,car,0.7750976085662842,36986
52,car,0.7268749475479126,39025
52,car,0.6995293498039246,21992
52,car,0.6915988326072693,36913
52,bus,0.6888728141784668,6532
52,car,0.6645921468734741,29669
52,car,0.664490818977356,44644
52,car,0.6491645574569702,20743
52,car,0.5906765460968018,4675
52,car,0.5875334143638611,7027
52,truck,0.5678280591964722,31139
52,car,0.552516520023346,6805
52,truck,0.5515533685684204,25495
52,car,0.5449491739273071,8116
52,car,0.5401191711425781,17245
52,truck,0.5395246744155884,12247
52,person,0.5275787711143494,8468
52,car,0.5230656862258911,3085
52,truck,0.521178662776947,18940
52,car,0.4564351439476013,7411
52,car,0.4464535117149353,11575
52,motorcycle,0.43874889612197876,2920
52,person,0.3984558880329132,1975
52,person,0.3935432732105255,3124
52,truck,0.3746694028377533,4102
52,truck,0.37152743339538574,21880
52,person,0.3597107529640198,8120
52,clock,0.30022621154785156,4405
52,motorcycle,0.2895074784755707,1741
52,motorcycle,0.2754199504852295,2128
52,truck,0.2742835581302643,11566
53,car,0.8752254843711853,37166
53,car,0.863876223564148,14299
53,car,0.7655499577522278,34055
53,car,0.712267279624939,39376
53,car,0.7118281126022339,37030
53,bus,0.700083315372467,6847
53,car,0.684393048286438,20764
53,car,0.6504756212234497,45041
53,car,0.6471975445747375,20938
53,car,0.6335631608963013,16621
53,truck,0.6291928291320801,22162
53,car,0.6287320852279663,8137
53,car,0.6219916939735413,7105
53,person,0.6206313967704773,7451
53,car,0.5476990938186646,3520
53,truck,0.5467605590820312,12343
53,motorcycle,0.530372142791748,3058
53,car,0.5070132613182068,4366
53,car,0.4832076132297516,39182
53,truck,0.442007839679718,19030
53,truck,0.4224538207054138,30743
53,person,0.41848617792129517,3268
53,car,0.4170289933681488,7555
53,car,0.4148534834384918,7303
53,truck,0.3989630341529846,21943
53,car,0.39823558926582336,11584
53,truck,0.39610755443573,39128
53,car,0.394711434841156,1900
53,person,0.3841247856616974,2323
53,clock,0.37509334087371826,5452
53,truck,0.3528192639350891,4102
53,motorcycle,0.3376276195049286,2209
53,motorcycle,0.29637411236763,1216
53,truck,0.2705443203449249,11611
53,motorcycle,0.2562018036842346,1669
54,car,0.875460684299469,37157
54,car,0.8639374375343323,14299
54,car,0.764116644859314,34055
54,car,0.714178740978241,39331
54,car,0.7103432416915894,37021
54,bus,0.6989807486534119,6847
54,car,0.683793306350708,20755
54,car,0.6500616669654846,45077
54,car,0.6440839171409607,20902
54,truck,0.6353675723075867,22162
54,car,0.6314380764961243,16621
54,car,0.6281669735908508,8119
54,car,0.6209709048271179,7105
54,person,0.6205067038536072,7451
54,car,0.5496717095375061,3520
54,truck,0.549100935459137,12343
54,motorcycle,0.5312268137931824,3049
54,car,0.5059664249420166,4366
54,car,0.4836671054363251,39182
54,truck,0.4448015093803406,19030
54,truck,0.4250063896179199,30743
54,person,0.41829806566238403,3268
54,car,0.4163214862346649,7555
54,car,0.41092848777770996,7303
54,truck,0.403999388217926,21907
54,truck,0.3955177664756775,39128
54,car,0.39491117000579834,11584
54,car,0.3944159150123596,1900
54,person,0.3845933973789215,2323
54,clock,0.3747017979621887,5443
54,truck,0.35032323002815247,4102
54,motorcycle,0.34277209639549255,2209
54,motorcycle,0.29464271664619446,1216
54,truck,0.27378860116004944,11602
54,motorcycle,0.25659334659576416,1669
55,car,0.86246657371521,35732
55,car,0.8500756025314331,13918
55,bus,0.7364338636398315,6847
55,car,0.7210595011711121,9340
55,car,0.7188231945037842,40509
55,car,0.7133863568305969,37324
55,car,0.6989390850067139,39304
55,car,0.6963393092155457,35057
55,car,0.6844424605369568,19141
55,car,0.6841111183166504,43247
55,person,0.6643509268760681,7724
55,car,0.6405314207077026,16549
55,truck,0.6370890140533447,22666
55,car,0.6318632960319519,7114
55,car,0.5878115296363831,20941
55,car,0.5627610683441162,3583
55,truck,0.54511559009552,12298
55,car,0.5359011292457581,3838
55,motorcycle,0.5008866190910339,3625
55,truck,0.4993829131126404,21889
55,truck,0.4538208544254303,30683
55,car,0.4453350007534027,6910
55,truck,0.4365914463996887,19057
55,car,0.4212835431098938,7654
55,car,0.38700205087661743,11440
55,person,0.36979174613952637,3268
55,car,0.3468499779701233,2356
55,person,0.3426317572593689,4275
55,person,0.3204588294029236,2869
55,truck,0.3196428716182709,11635
55,truck,0.3186086118221283,4129
55,clock,0.27869704365730286,5425
55,motorcycle,0.276278555393219,1435
55,car,0.2612733542919159,4084
56,car,0.8446770906448364,33491
56,car,0.8236420154571533,11878
56,car,0.8188515901565552,43085
56,car,0.7292929291725159,37192
56,car,0.723108172416687,39340
56,car,0.72288978099823,42563
56,bus,0.6949236392974854,7024
56,person,0.6744466423988342,6047
56,car,0.6741665005683899,16612
56,motorcycle,0.644938588142395,3415
56,car,0.6391761302947998,34187
56,car,0.6216313242912292,15907
56,car,0.6179993748664856,9151
56,car,0.5994551181793213,7150
56,car,0.5931947231292725,21484
56,car,0.5583833456039429,3538
56,person,0.5370498299598694,2444
56,truck,0.536679744720459,12415
56,car,0.5110631585121155,3916
56,car,0.49952933192253113,6814
56,truck,0.49174734950065613,22333
56,car,0.47946837544441223,21817
56,truck,0.45309993624687195,30506
56,car,0.45165732502937317,7798
56,truck,0.41823723912239075,19066
56,truck,0.3983727991580963,11689
56,truck,0.3898220360279083,21814
56,person,0.378803014755249,3268
56,car,0.34953388571739197,11584
56,person,0.32090237736701965,1306
56,motorcycle,0.3067362904548645,1732
56,car,0.3045962154865265,4432
56,motorcycle,0.3037395179271698,1663
56,truck,0.30100470781326294,4111
56,car,0.2940601110458374,1546
56,truck,0.286059707403183,34874
56,car,0.2745555341243744,3946
56,person,0.2616308331489563,3868
57,car,0.8398091793060303,33632
57,car,0.8284170031547546,11893
57,car,0.7852005362510681,43400
57,car,0.7282202839851379,39241
57,car,0.705203115940094,37423
57,car,0.7005217671394348,42776
57,bus,0.6981857419013977,6691
57,car,0.6656066179275513,16549
57,person,0.6434144377708435,6365
57,car,0.6220144629478455,16333
57,motorcycle,0.6179128289222717,3349
57,car,0.6173350811004639,7132
57,car,0.6067689061164856,21367
57,car,0.5796957015991211,34172
57,car,0.567825436592102,9199
57,car,0.553748369216919,3538
57,truck,0.49342605471611023,12343
57,car,0.49158886075019836,6775
57,person,0.489627867937088,2764
57,car,0.48509061336517334,3940
57,truck,0.48054274916648865,21472
57,truck,0.4544561505317688,18616
57,car,0.4291316866874695,7798
57,car,0.42567452788352966,11530
57,truck,0.41979143023490906,21598
57,clock,0.41260403394699097,5434
57,person,0.3712307810783386,3268
57,truck,0.3532956838607788,4120
57,motorcycle,0.3445584774017334,1741
57,car,0.34440699219703674,21571
57,person,0.3384600579738617,1306
57,truck,0.33432188630104065,11671
57,car,0.30920833349227905,1402
57,motorcycle,0.29947030544281006,1708
57,car,0.2978505492210388,5870
57,truck,0.2917712926864624,35015
57,car,0.2789454162120819,23837
57,person,0.27263903617858887,5270
57,car,0.26008620858192444,4468
58,car,0.8005919456481934,11566
58,car,0.7972827553749084,40160
58,car,0.7782624959945679,41752
58,car,0.7276349067687988,33826
58,bus,0.7176591157913208,6406
58,car,0.709061324596405,37924
58,car,0.6992077827453613,32060
58,car,0.693761944770813,39241
58,car,0.6464038491249084,16603
58,truck,0.6431716680526733,19450
58,car,0.6127838492393494,7132
58,car,0.6097220182418823,9634
58,person,0.6048998832702637,7784
58,car,0.6048787832260132,21304
58,car,0.6040441989898682,15649
58,car,0.5896639823913574,4774
58,car,0.5642861723899841,2296
58,clock,0.5541688203811646,5416
58,motorcycle,0.5337721705436707,3460
58,truck,0.48517468571662903,18661
58,truck,0.45595306158065796,21427
58,truck,0.4517509341239929,12448
58,truck,0.4419839084148407,4120
58,car,0.43437427282333374,7015
58,car,0.39831575751304626,7717
58,truck,0.39574411511421204,11653
58,person,0.39555251598358154,3268
58,person,0.3854214549064636,2434
58,car,0.3739244043827057,11434
58,truck,0.353094220161438,3661
58,person,0.34983453154563904,4614
58,car,0.34408992528915405,1330
58,car,0.3435608148574829,5852
58,person,0.32230275869369507,1435
58,car,0.3003554940223694,23711
58,person,0.2859727144241333,2344
58,motorcycle,0.28059297800064087,1798
59,car,0.8571811318397522,11884
59,car,0.7390740513801575,38971
59,car,0.695459246635437,38872
59,car,0.6913154125213623,40400
59,car,0.6796171069145203,7159
59,motorcycle,0.6725273728370667,3997
59,car,0.6703530550003052,16324
59,person,0.6689623594284058,7655
59,bus,0.6552765369415283,6382
59,car,0.6305991411209106,12886
59,car,0.6212027072906494,21331
59,car,0.6144197583198547,10006
59,car,0.5801367163658142,38104
59,car,0.5745500326156616,4540
59,truck,0.5015057921409607,11599
59,person,0.4952968955039978,1291
59,truck,0.48574477434158325,18769
59,truck,0.4840569496154785,19021
59,truck,0.4768739640712738,12211
59,car,0.4607751965522766,2296
59,truck,0.46006378531455994,21391
59,car,0.45822009444236755,7459
59,car,0.44691309332847595,30115
59,car,0.431803822517395,18259
59,car,0.41335025429725647,5843
59,truck,0.40009254217147827,3769
59,car,0.3915543258190155,6784
59,clock,0.38912907242774963,5443
59,truck,0.381052702665329,4120
59,truck,0.3751016855239868,30124
59,person,0.37217894196510315,2026
59,car,0.35691866278648376,28064
59,truck,0.34985414147377014,38257
59,car,0.34928926825523376,11485
59,truck,0.32400521636009216,24005
59,car,0.3160240352153778,4291
59,car,0.3106023371219635,12256
59,person,0.3090296983718872,3268
59,car,0.30420950055122375,23579
59,person,0.3038502335548401,4185
59,car,0.2995939254760742,1720
59,truck,0.2522556781768799,6640
60,car,0.8589606285095215,11884
60,car,0.7399646043777466,38971
60,car,0.6910029053688049,40364
60,car,0.6843308210372925,7168
60,car,0.6841681003570557,38872
60,car,0.673697829246521,16324
60,motorcycle,0.6712640523910522,4042
60,person,0.6703057289123535,7658
60,bus,0.6564329862594604,6382
60,car,0.6314988136291504,12895
60,car,0.6226345300674438,21268
60,car,0.6058884263038635,10006
60,car,0.5854848027229309,38149
60,car,0.5741701126098633,4540
60,truck,0.4996628165245056,11617
60,person,0.4944778382778168,1291
60,truck,0.49119243025779724,18976
60,truck,0.4821597635746002,18751
60,truck,0.47465282678604126,12211
60,truck,0.4621177911758423,21382
60,car,0.4573684632778168,2296
60,car,0.4546879529953003,7468
60,car,0.4520263969898224,30076
60,car,0.4306614398956299,18277
60,clock,0.4226764142513275,5443
60,truck,0.39862799644470215,4132
60,car,0.3917233347892761,5861
60,car,0.3860704302787781,6784
60,truck,0.385319322347641,4120
60,truck,0.3777232766151428,30106
60,person,0.37603694200515747,2026
60,car,0.371055006980896,28064
60,truck,0.3522213399410248,38293
60,car,0.3503386378288269,11503
60,truck,0.3263354003429413,24023
60,car,0.3203737437725067,4282
60,car,0.3127915561199188,12247
60,person,0.31023669242858887,4162
60,person,0.3065780699253082,3268
60,car,0.2943870723247528,1720
60,car,0.2875695526599884,23633
61,car,0.8488523960113525,11353
61,car,0.7531607747077942,37501
61,car,0.7414082884788513,38971
61,car,0.7351330518722534,38480
61,bus,0.7122234106063843,5890
61,car,0.6884363889694214,16585
61,car,0.676382303237915,9907
61,car,0.6438489556312561,7177
61,person,0.6402496099472046,7547
61,car,0.6334362030029297,28423
61,car,0.6284451484680176,21304
61,car,0.6236432790756226,11197
61,car,0.5954516530036926,2200
61,motorcycle,0.5892035961151123,3265
61,car,0.5783652067184448,38320
61,truck,0.554658830165863,11617
61,car,0.5467818379402161,5206
61,truck,0.5434432625770569,18718
61,truck,0.48568636178970337,12256
61,car,0.48091864585876465,26393
61,truck,0.47696346044540405,21409
61,truck,0.47504398226737976,18706
61,truck,0.4688013195991516,28324
61,car,0.4606492519378662,18691
61,car,0.40610817074775696,7495
61,car,0.4011349678039551,5569
61,car,0.3921317458152771,5879
61,clock,0.384501576423645,5494
61,person,0.3826356828212738,2512
61,car,0.36977410316467285,1330
61,truck,0.36761581897735596,38401
61,person,0.35309988260269165,1216
61,truck,0.3349343538284302,4120
61,truck,0.3335048258304596,24017
61,car,0.3059910237789154,11539
61,truck,0.3007097542285919,4138
61,person,0.29240095615386963,4289
61,car,0.2920587658882141,4237
61,car,0.28880926966667175,12238
61,person,0.28349393606185913,3268
61,car,0.2753123939037323,23633
61,motorcycle,0.2652786076068878,1315
62,car,0.7924637198448181,9646
62,person,0.7404122948646545,7846
62,car,0.732427716255188,38980
62,car,0.72452312707901,36707
62,car,0.7182583808898926,20324
62,car,0.6888994574546814,33151
62,car,0.6860887408256531,16576
62,bus,0.6845880746841431,5863
62,motorcycle,0.6532407402992249,3100
62,car,0.6409691572189331,10291
62,car,0.6397824883460999,24712
62,truck,0.6386532783508301,11656
62,car,0.6377673149108887,21286
62,car,0.6374563574790955,6940
62,car,0.6293593645095825,9526
62,truck,0.5855239033699036,17404
62,car,0.5829495787620544,4642
62,car,0.5806605815887451,2500
62,car,0.5802014470100403,38542
62,person,0.5710591077804565,3868
62,truck,0.5244849920272827,12220
62,truck,0.4847858250141144,18778
62,car,0.4836411774158478,7729
62,car,0.48227474093437195,5801
62,car,0.46145233511924744,5668
62,truck,0.4498642683029175,21340
62,car,0.417364239692688,23768
62,motorcycle,0.35465434193611145,1684
62,person,0.30833956599235535,4439
62,person,0.3080649673938751,3268
62,car,0.2983769476413727,1327
62,truck,0.2868472635746002,4120
62,truck,0.28443244099617004,24029
62,car,0.2772865295410156,4252
62,person,0.27626684308052063,724
62,car,0.27513983845710754,11557
63,car,0.7917934060096741,9646
63,person,0.7397323250770569,7819
63,car,0.7364434599876404,38971
63,car,0.7253592610359192,36743
63,car,0.7201587557792664,20324
63,car,0.6897541880607605,16576
63,car,0.6895965337753296,33142
63,bus,0.6842707991600037,5863
63,motorcycle,0.6578705906867981,3127
63,car,0.6431218981742859,24721
63,car,0.6423337459564209,6967
63,car,0.641998827457428,10291
63,car,0.6378353834152222,21277
63,car,0.630310595035553,9526
63,truck,0.6302738785743713,11665
63,truck,0.5888609886169434,17404
63,car,0.5857976078987122,38569
63,car,0.5833743214607239,4642
63,car,0.581303060054779,2500
63,person,0.5764025449752808,3850
63,truck,0.5302438735961914,12220
63,car,0.48650482296943665,5801
63,truck,0.4844112694263458,18787
63,car,0.47030317783355713,7720
63,car,0.459673672914505,5668
63,truck,0.4463864266872406,21349
63,car,0.43122154474258423,23741
63,motorcycle,0.35271045565605164,1684
63,person,0.30677664279937744,4439
63,person,0.3025842308998108,3124
63,car,0.3002920150756836,1327
63,truck,0.2852221727371216,4129
63,car,0.2829836308956146,11557
63,car,0.28102442622184753,4252
63,truck,0.27906250953674316,24011
63,person,0.27507802844047546,724
64,car,0.8065230250358582,35459
64,car,0.8056848049163818,9889
64,car,0.7796503305435181,24151
64,car,0.7575603127479553,38944
64,bus,0.6992493271827698,6013
64,car,0.6845154166221619,32719
64,car,0.6728546619415283,16648
64,person,0.6686290502548218,2581
64,motorcycle,0.6416872143745422,3004
64,truck,0.6373435854911804,11620
64,car,0.6360917091369629,6895
64,car,0.6359759569168091,21178
64,car,0.6252543926239014,38578
64,car,0.6231691241264343,10858
64,person,0.6106390953063965,6598
64,truck,0.5461488366127014,17125
64,car,0.5260582566261292,7870
64,car,0.5062181353569031,18194
64,truck,0.5053181052207947,12220
64,car,0.4896243214607239,5155
64,car,0.48825591802597046,4246
64,car,0.4878353476524353,2500
64,truck,0.48297104239463806,18769
64,car,0.46673282980918884,5765
64,truck,0.4531128704547882,21259
64,car,0.4254850447177887,7720
64,truck,0.38852012157440186,4429
64,car,0.3456605076789856,23711
64,clock,0.3335123062133789,5800
64,person,0.3322919011116028,1222
64,truck,0.32869952917099,4120
64,car,0.3013441264629364,11593
64,person,0.29828938841819763,3136
64,person,0.2962871789932251,3268
64,car,0.2756628096103668,12220
64,motorcycle,0.26752012968063354,1984
64,car,0.2646292448043823,1309
64,car,0.25793740153312683,4234
64,truck,0.2549436390399933,24191
64,person,0.25142255425453186,3974
65,car,0.8238134980201721,21514
65,car,0.8200647234916687,31313
65,car,0.8181805610656738,8911
65,car,0.7973319292068481,39052
65,car,0.761790931224823,30220
65,car,0.7135903835296631,16711
65,person,0.7071805000305176,7042
65,car,0.6802699565887451,6982
65,motorcycle,0.6741276979446411,3904
65,car,0.6594045162200928,21187
65,car,0.6512237191200256,38560
65,truck,0.64072585105896,11638
65,car,0.6314107179641724,11632
65,person,0.5988935828208923,2969
65,car,0.5885119438171387,11225
65,bus,0.5686876773834229,5602
65,truck,0.5110838413238525,16609
65,car,0.5096988081932068,23783
65,car,0.5045416355133057,3757
65,truck,0.469380259513855,12631
65,truck,0.455824613571167,18634
65,car,0.4351242482662201,7531
65,car,0.4289637804031372,3100
65,car,0.4265696406364441,5380
65,car,0.4263686239719391,5951
65,clock,0.3973795771598816,5461
65,car,0.38605618476867676,5845
65,truck,0.37715473771095276,21268
65,car,0.3615287244319916,16609
65,person,0.3566124737262726,1177
65,person,0.3495199978351593,5463
65,car,0.3397885859012604,12577
65,car,0.314876526594162,4918
65,person,0.31361123919487,3088
65,car,0.30842170119285583,11575
65,car,0.3038156032562256,4546
65,person,0.2989075779914856,3323
65,truck,0.2984205186367035,24122
65,motorcycle,0.2678155303001404,1387
65,truck,0.2676217555999756,4102
66,car,0.8229258060455322,21478
66,car,0.8208940625190735,31313
66,car,0.818187415599823,8911
66,car,0.7974660992622375,39052
66,car,0.7613533735275269,30220
66,car,0.7140858173370361,16711
66,person,0.7052224278450012,7042
66,car,0.6804481148719788,6982
66,motorcycle,0.6740073561668396,3904
66,car,0.6600714921951294,21187
66,car,0.6513755321502686,38560
66,truck,0.6400929093360901,11638
66,car,0.6307650208473206,11632
66,person,0.5985611081123352,2969
66,car,0.5884352326393127,11225
66,bus,0.5681854486465454,5602
66,truck,0.5121638178825378,16609
66,car,0.5099465250968933,23774
66,car,0.504284679889679,3757
66,truck,0.4697127640247345,12631
66,truck,0.45588257908821106,18634
66,car,0.4346217215061188,7567
66,car,0.4290696084499359,3100
66,car,0.4276897609233856,5380
66,car,0.4255371689796448,5951
66,clock,0.398826003074646,5461
66,car,0.38577181100845337,5845
66,truck,0.3762863278388977,21268
66,car,0.360098659992218,16600
66,person,0.3563760221004486,1177
66,person,0.3452146351337433,5523
66,car,0.34002289175987244,12577
66,car,0.3149503767490387,4918
66,person,0.31462356448173523,3088
66,car,0.3084274232387543,11575
66,car,0.3037964105606079,4546
66,person,0.30199670791625977,3323
66,truck,0.2989749014377594,24113
66,truck,0.2682991623878479,4102
66,motorcycle,0.2676767408847809,1387
67,car,0.8564110398292542,28871
67,car,0.8347474932670593,28279
67,car,0.8156644701957703,8713
67,car,0.7932203412055969,39079
67,car,0.7913669943809509,20881
67,person,0.7855709791183472,6952
67,car,0.6920138001441956,16666
67,motorcycle,0.6856676936149597,4009
67,person,0.682532012462616,3250
67,car,0.6776875257492065,11395
67,car,0.6501471996307373,7169
67,car,0.6382589340209961,21178
67,truck,0.6329970359802246,11629
67,car,0.6187847852706909,38461
67,car,0.6116056442260742,6967
67,bus,0.5776532292366028,5560
67,car,0.542285680770874,23891
67,car,0.5399608612060547,6425
67,truck,0.5210437178611755,12649
67,truck,0.5164161920547485,15604
67,car,0.47588104009628296,15793
67,truck,0.46931731700897217,18688
67,clock,0.4367191195487976,5461
67,car,0.38749873638153076,7702
67,car,0.3807089626789093,2884
67,person,0.374319463968277,4075
67,car,0.3333444595336914,5818
67,truck,0.3092912435531616,24140
67,person,0.302408903837204,3269
67,car,0.2796339988708496,11584
67,car,0.2769385576248169,2713
67,person,0.2717550992965698,3124
67,car,0.2607822120189667,1213
67,car,0.25201520323753357,4147
68,car,0.8225976228713989,23734
68,car,0.816364586353302,9250
68,car,0.7796798348426819,26527
68,car,0.7765064239501953,18220
68,car,0.7618632316589355,39061
68,person,0.744310200214386,7315
68,car,0.7229754328727722,11485
68,motorcycle,0.717390775680542,3970
68,car,0.6940464973449707,16603
68,car,0.6441836357116699,21268
68,car,0.6195752620697021,6994
68,car,0.6153286099433899,38425
68,person,0.6118856072425842,3184
68,truck,0.6103010773658752,11656
68,car,0.5250365734100342,23921
68,bus,0.524787187576294,5869
68,truck,0.5238239169120789,12766
68,truck,0.510836660861969,18643
68,car,0.4928264617919922,2956
68,truck,0.4920468032360077,14554
68,car,0.4446341395378113,4678
68,car,0.397395521402359,7586
68,truck,0.39492449164390564,21421
68,car,0.3842333257198334,14527
68,person,0.35074299573898315,5021
68,truck,0.3440384864807129,38470
68,car,0.33676260709762573,3910
68,person,0.32506853342056274,3052
68,truck,0.32177355885505676,24137
68,car,0.3137569725513458,12604
68,car,0.31293153762817383,11629
68,car,0.303186297416687,7738
68,person,0.29731181263923645,3260
68,car,0.27691349387168884,1855
68,car,0.26893487572669983,1756
68,car,0.2651720345020294,2884
69,car,0.8227522969245911,23734
69,car,0.815841555595398,9250
69,car,0.7802808880805969,26527
69,car,0.7765254378318787,18256
69,car,0.7617325782775879,39061
69,person,0.7436882853507996,7333
69,car,0.7237228751182556,11485
69,motorcycle,0.7181655764579773,3961
69,car,0.6951618194580078,16603
69,car,0.6441546678543091,21268
69,car,0.6198002099990845,6994
69,car,0.6128308773040771,38443
69,person,0.6124715209007263,3184
69,truck,0.6094931364059448,11656
69,bus,0.5271767377853394,5869
69,car,0.5262576937675476,23921
69,truck,0.5207547545433044,12784
69,truck,0.5108720064163208,18679
69,car,0.49314630031585693,2956
69,truck,0.4910609722137451,14563
69,car,0.44487276673316956,4678
69,car,0.3990481495857239,7586
69,truck,0.3950214087963104,21421
69,car,0.38470056653022766,14527
69,person,0.35087013244628906,5021
69,truck,0.3469095826148987,38479
69,car,0.33750900626182556,3910
69,person,0.32459256052970886,3052
69,truck,0.3214103877544403,24128
69,car,0.31405824422836304,12604
69,car,0.31310534477233887,11629
69,car,0.30262860655784607,7738
69,person,0.29725775122642517,3260
69,car,0.27741652727127075,1855
69,car,0.26899951696395874,1756
69,car,0.2654074430465698,2884
70,car,0.8287289142608643,11722
70,car,0.8251813650131226,9157
70,car,0.7964272499084473,26353
70,car,0.7953859567642212,17887
70,car,0.7700629234313965,39043
70,motorcycle,0.7226248383522034,4369
70,person,0.7093462347984314,6985
70,car,0.699087381362915,16630
70,car,0.6930645704269409,21323
70,car,0.675151526927948,7012
70,car,0.6461307406425476,21241
70,car,0.6313024163246155,38434
70,car,0.5674747824668884,2110
70,person,0.5300782322883606,2824
70,truck,0.5165804624557495,11665
70,truck,0.4929932653903961,12757
70,truck,0.4900633692741394,18805
70,bus,0.4782673120498657,5824
70,truck,0.478015273809433,13975
70,car,0.4687053859233856,24257
70,car,0.46331167221069336,4729
70,car,0.4373563230037689,11665
70,car,0.43401092290878296,4879
70,car,0.41097334027290344,13957
70,car,0.3997097611427307,4162
70,person,0.3741454780101776,4492
70,car,0.34294000267982483,7711
70,person,0.33320480585098267,3088
70,person,0.31863024830818176,1516
70,truck,0.31207579374313354,24428
70,car,0.3055429756641388,2500
70,person,0.3004645109176636,1519
70,person,0.27034279704093933,3287
70,truck,0.2512570917606354,4102
71,car,0.8270449638366699,25090
71,car,0.7974050641059875,17179
71,car,0.778974175453186,39016
71,person,0.760036826133728,7030
71,car,0.713686466217041,7666
71,car,0.7035415768623352,16630
71,car,0.6891344785690308,14164
71,truck,0.6638495922088623,14149
71,car,0.656164824962616,7027
71,car,0.6421446204185486,21223
71,car,0.6400704383850098,38506
71,car,0.6345001459121704,12349
71,person,0.5814718008041382,3562
71,truck,0.5759719014167786,11665
71,bus,0.5637803673744202,5950
71,truck,0.5590789318084717,12661
71,car,0.5481303930282593,5029
71,car,0.5221605896949768,4114
71,car,0.5125987529754639,2365
71,truck,0.49512383341789246,18748
71,motorcycle,0.47444650530815125,4577
71,car,0.4367927014827728,24896
71,car,0.4069530665874481,11656
71,truck,0.3891856074333191,25163
71,truck,0.35445696115493774,38524
71,person,0.34893131256103516,4652
71,person,0.3352470397949219,3016
71,truck,0.3331688344478607,4165
71,car,0.31808367371559143,5095
71,person,0.3141844570636749,1816
71,car,0.29170170426368713,1450
71,car,0.2596355676651001,7765
71,truck,0.2502318024635315,5095
72,car,0.8279476165771484,25090
72,car,0.7977948784828186,17179
72,car,0.7788460850715637,39034
72,person,0.7595569491386414,7030
72,car,0.7156621217727661,7666
72,car,0.7038068175315857,16630
72,car,0.6889322400093079,14164
72,truck,0.6635372638702393,14149
72,car,0.6534465551376343,7027
72,car,0.6433607935905457,38470
72,car,0.6395071148872375,21223
72,car,0.633182942867279,12349
72,person,0.5824642181396484,3562
72,truck,0.5759543180465698,11665
72,bus,0.5719204545021057,5950
72,truck,0.5548793077468872,12625
72,car,0.5463480949401855,5029
72,car,0.5220268964767456,4114
72,car,0.5136998891830444,2365
72,truck,0.49290451407432556,18730
72,motorcycle,0.4715504050254822,4535
72,car,0.4341714680194855,24887
72,car,0.41029277443885803,11665
72,truck,0.39598405361175537,25172
72,truck,0.34927234053611755,38479
72,person,0.34859946370124817,4661
72,person,0.33362051844596863,3016
72,truck,0.3324381709098816,4165
72,car,0.31754356622695923,5095
72,person,0.31644079089164734,1816
72,car,0.29069074988365173,1450
72,car,0.2508302628993988,7765
73,car,0.9016116261482239,22822
73,person,0.8010295629501343,6764
73,car,0.7969812154769897,15007
73,car,0.7795289754867554,38953
73,car,0.7252457737922668,16711
73,car,0.700834333896637,8077
73,car,0.6739182472229004,12661
73,car,0.6614771485328674,38308
73,car,0.656239926815033,21205
73,car,0.6550267338752747,11425
73,car,0.6528059244155884,7045
73,truck,0.5838261246681213,13909
73,truck,0.547698438167572,12688
73,car,0.5175400376319885,4468
73,bus,0.5152323842048645,5797
73,truck,0.5032486319541931,11665
73,truck,0.46359485387802124,18826
73,car,0.4580278694629669,13900
73,motorcycle,0.4482318162918091,5114
73,car,0.44595620036125183,2041
73,car,0.4416979253292084,11629
73,person,0.4299607276916504,3010
73,car,0.424528568983078,5170
73,car,0.413537859916687,25622
73,person,0.3967905640602112,4258
73,truck,0.3683796226978302,25706
73,truck,0.30732277035713196,4165
73,person,0.30501240491867065,3088
73,person,0.3043995499610901,2719
73,car,0.29321718215942383,2668
73,person,0.26099345088005066,5378
73,truck,0.25010281801223755,4936
74,car,0.892035186290741,22060
74,car,0.8558776378631592,15253
74,person,0.8190904259681702,6376
74,car,0.8010042905807495,38980
74,car,0.7630107998847961,16801
74,car,0.7420623898506165,13585
74,car,0.6993722915649414,21124
74,car,0.6928046345710754,7054
74,car,0.6915798783302307,38182
74,car,0.6690108180046082,6979
74,car,0.6402198076248169,5296
74,motorcycle,0.6278669238090515,4030
74,truck,0.5162737965583801,5305
74,truck,0.4919503331184387,12895
74,car,0.49036848545074463,11620
74,car,0.49012550711631775,2200
74,car,0.4619480073451996,12829
74,truck,0.4577840566635132,18961
74,person,0.4509308934211731,2770
74,truck,0.4466007947921753,11647
74,person,0.4019310474395752,4414
74,truck,0.4016110897064209,12829
74,car,0.36756637692451477,5053
74,car,0.3627963662147522,2587
74,person,0.33978578448295593,3052
74,car,0.3113214671611786,5311
74,truck,0.2788155674934387,26819
74,truck,0.26578134298324585,4147
75,car,0.8919395208358765,22060
75,car,0.8562900424003601,15253
75,person,0.8196253180503845,6340
75,car,0.7973637580871582,38980
75,car,0.7630794048309326,16801
75,car,0.7380223274230957,13585
75,car,0.6990322470664978,21160
75,car,0.6942168474197388,7063
75,car,0.688590407371521,38191
75,car,0.6666868329048157,6979
75,car,0.6412681341171265,5305
75,motorcycle,0.6278671026229858,4021
75,truck,0.5185179114341736,5305
75,truck,0.49499213695526123,12895
75,car,0.49156132340431213,2200
75,car,0.48458364605903625,11620
75,truck,0.46290189027786255,18961
75,car,0.45965576171875,12829
75,truck,0.4508970081806183,11629
75,person,0.4489593505859375,2770
75,person,0.40482601523399353,4411
75,truck,0.40341365337371826,12829
75,car,0.36661913990974426,5062
75,car,0.3626307249069214,2587
75,person,0.33950814604759216,3052
75,car,0.3117572069168091,5311
75,truck,0.2863472104072571,26855
75,truck,0.2683088183403015,4147
76,car,0.8249832391738892,15514
76,car,0.810615062713623,14428
76,person,0.7874084115028381,6667
76,car,0.7834604978561401,22222
76,car,0.7752224206924438,39016
76,car,0.761332094669342,16900
76,car,0.7316962480545044,8032
76,motorcycle,0.6997407674789429,4127
76,car,0.6680416464805603,7063
76,car,0.6665552258491516,21124
76,car,0.6484196186065674,38173
76,truck,0.6043431162834167,12961
76,car,0.5877628922462463,4789
76,person,0.5525631904602051,3820
76,car,0.5280382633209229,5020
76,car,0.5218605399131775,11710
76,truck,0.4963720440864563,12568
76,car,0.47720277309417725,2200
76,truck,0.4644981920719147,18931
76,bus,0.43973392248153687,5155
76,truck,0.43610650300979614,11674
76,person,0.4267100393772125,4513
76,car,0.4176204204559326,5968
76,person,0.3496432602405548,3088
76,car,0.338381290435791,2749
76,car,0.32420164346694946,1096
76,truck,0.31324926018714905,5110
76,truck,0.28875619173049927,26354
76,car,0.2707434594631195,25913
76,person,0.2591119408607483,1933
77,car,0.8465854525566101,19618
77,car,0.8064075112342834,13750
77,car,0.7970010042190552,38926
77,person,0.7559400200843811,6691
77,car,0.7455869913101196,16873
77,car,0.71517413854599,21304
77,car,0.6997506618499756,14878
77,motorcycle,0.6902631521224976,5005
77,car,0.6779071092605591,6943
77,car,0.6764379143714905,7078
77,car,0.6636477112770081,38164
77,car,0.6326739192008972,5677
77,car,0.5573045611381531,11815
77,bus,0.5388941168785095,4843
77,truck,0.5121893286705017,12463
77,truck,0.49681323766708374,12712
77,person,0.4929754436016083,2719
77,car,0.48271989822387695,4525
77,car,0.4788230359554291,5050
77,person,0.47221624851226807,5372
77,truck,0.4661193788051605,19165
77,truck,0.4623619616031647,26108
77,car,0.408073365688324,2215
77,truck,0.3953176736831665,12223
77,person,0.37738505005836487,3052
77,car,0.35737380385398865,25814
77,person,0.35583534836769104,1201
77,person,0.26969578862190247,3254
77,car,0.2535000741481781,7684
77,car,0.25070300698280334,4159
78,car,0.8467456698417664,19618
78,car,0.8060822486877441,13714
78,car,0.7958398461341858,38926
78,person,0.7574034333229065,6700
78,car,0.7455977201461792,16873
78,car,0.716289222240448,21304
78,car,0.6982316374778748,14878
78,motorcycle,0.6914591193199158,5014
78,car,0.6766276955604553,7078
78,car,0.6766179203987122,6952
78,car,0.6647006869316101,38164
78,car,0.6311044096946716,5677
78,car,0.5587872862815857,11815
78,bus,0.5421122312545776,4843
78,truck,0.5054371356964111,12463
78,truck,0.4968119263648987,12712
78,person,0.4941897392272949,2719
78,car,0.47917303442955017,4525
78,car,0.4776373505592346,5050
78,person,0.47491687536239624,5405
78,truck,0.46665889024734497,19165
78,truck,0.4587094187736511,26057
78,car,0.4043084681034088,2215
78,truck,0.3930588960647583,12223
78,person,0.37486639618873596,3052
78,car,0.3601464629173279,25745
78,person,0.3532800078392029,1201
78,person,0.2770218253135681,3245
78,car,0.2544676959514618,7684
79,car,0.8632749915122986,12673
79,car,0.7987959384918213,38899
79,car,0.7944994568824768,19612
79,car,0.7451141476631165,16927
79,person,0.7163481116294861,6472
79,car,0.7119104862213135,21232
79,car,0.6808560490608215,38191
79,car,0.6759929656982422,7078
79,car,0.6580151915550232,6961
79,car,0.6437979936599731,15508
79,motorcycle,0.6093406081199646,5286
79,car,0.6013568639755249,5779
79,person,0.5911299586296082,3652
79,car,0.5750918984413147,11824
79,car,0.5132462978363037,5284
79,bus,0.4649910628795624,4753
79,car,0.46362292766571045,12316
79,truck,0.461573988199234,12622
79,car,0.4504540264606476,4096
79,truck,0.4297187328338623,18919
79,truck,0.4203072488307953,25880
79,car,0.40267354249954224,25757
79,truck,0.3934950530529022,12199
79,car,0.3856631815433502,2155
79,truck,0.38383007049560547,12151
79,person,0.36860156059265137,5423
79,person,0.35201725363731384,3016
79,person,0.304858535528183,1114
80,car,0.8330889940261841,18001
80,car,0.8131856918334961,16726
80,car,0.8029860854148865,38764
80,car,0.7507709264755249,21277
80,car,0.7504667639732361,16981
80,person,0.7454386353492737,6427
80,car,0.7283012270927429,12115
80,motorcycle,0.717240571975708,5123
80,car,0.6775499582290649,38110
80,car,0.6671940088272095,7105
80,car,0.6598033905029297,6847
80,car,0.6208004951477051,5227
80,car,0.593018114566803,11842
80,car,0.5546790957450867,5275
80,car,0.5208646655082703,4078
80,bus,0.4914024770259857,3832
80,car,0.49100974202156067,25085
80,truck,0.44795548915863037,18607
80,person,0.43770909309387207,4889
80,truck,0.43369385600090027,12613
80,person,0.417398601770401,3535
80,car,0.3761567175388336,11533
80,person,0.36967071890830994,3941
80,truck,0.36259907484054565,11434
80,truck,0.3506350815296173,25292
80,person,0.33805763721466064,1348
80,truck,0.32924363017082214,12169
80,person,0.27759790420532227,937
80,car,0.26944196224212646,2197
80,car,0.2647598087787628,18202
80,person,0.26075923442840576,5576
80,person,0.2592248022556305,2971
81,car,0.8324459791183472,18001
81,car,0.8114175200462341,16726
81,car,0.8076769709587097,38764
81,person,0.7496402263641357,6418
81,car,0.7496090531349182,16981
81,car,0.7448791265487671,21241
81,car,0.7313024401664734,12106
81,motorcycle,0.7176669239997864,5183
81,car,0.6746228933334351,38119
81,car,0.666985034942627,7105
81,car,0.6606863737106323,6838
81,car,0.619760274887085,5227
81,car,0.5894309282302856,11797
81,car,0.55439692735672,5266
81,car,0.519696056842804,4078
81,bus,0.49654796719551086,3832
81,car,0.48947444558143616,25112
81,truck,0.4541192054748535,18643
81,truck,0.4363327622413635,12613
81,person,0.42775991559028625,4886
81,person,0.42126789689064026,3535
81,car,0.371045857667923,11533
81,truck,0.36692818999290466,11434
81,truck,0.3528667986392975,25334
81,person,0.33947721123695374,1348
81,truck,0.334124892950058,12097
81,person,0.2804940938949585,937
81,car,0.2674223780632019,2197
81,car,0.262919545173645,18247
81,person,0.26071152091026306,5567
81,person,0.25948894023895264,2971
82,car,0.8329693078994751,16804
82,car,0.8029246926307678,38854
82,car,0.737850546836853,16873
82,car,0.7323837876319885,21313
82,car,0.7069288492202759,11968
82,person,0.7036097049713135,5548
82,car,0.6650310158729553,16045
82,car,0.6548544764518738,5986
82,car,0.64258873462677,38074
82,motorcycle,0.6286428570747375,6181
82,car,0.6099302172660828,7114
82,car,0.6061633229255676,4882
82,car,0.5915940403938293,6190
82,car,0.5676693916320801,11656
82,car,0.5539795160293579,10585
82,bus,0.5282623767852783,3805
82,car,0.5084643363952637,4051
82,person,0.4896760582923889,4801
82,car,0.46592774987220764,1855
82,truck,0.42893746495246887,18580
82,truck,0.4086397886276245,12649
82,car,0.406612753868103,25010
82,person,0.3752515912055969,3487
82,truck,0.3387033939361572,10594
82,truck,0.3324517607688904,25412
82,truck,0.32927611470222473,12037
82,person,0.32839930057525635,1498
82,person,0.292793869972229,2971
82,car,0.26290783286094666,18103
83,car,0.8450852036476135,17347
83,car,0.817771315574646,10714
83,car,0.8101454377174377,38926
83,car,0.7841311693191528,21277
83,car,0.7644200325012207,16210
83,car,0.7620800137519836,16864
83,car,0.7261959314346313,5854
83,motorcycle,0.7100859880447388,6718
83,person,0.6409602761268616,5213
83,car,0.6389108300209045,7087
83,car,0.5814192295074463,11746
83,car,0.5793597102165222,38092
83,car,0.5722661018371582,6229
83,car,0.5578204393386841,5215
83,car,0.5456151366233826,10891
83,car,0.4877711832523346,22418
83,bus,0.4648717939853668,4045
83,truck,0.45935723185539246,12640
83,truck,0.4577022194862366,4045
83,person,0.40128815174102783,4886
83,person,0.39799487590789795,1333
83,person,0.3879595398902893,3847
83,truck,0.38070493936538696,18520
83,car,0.3760364055633545,2179
83,car,0.3742275834083557,4213
83,person,0.3659344017505646,8732
83,truck,0.3482303023338318,10855
83,truck,0.33797863125801086,12064
83,car,0.3245892822742462,18622
83,person,0.2536669373512268,2962
84,car,0.8447056412696838,17311
84,car,0.8183859586715698,10714
84,car,0.8080860376358032,38917
84,car,0.7855845093727112,21232
84,car,0.7614679336547852,16210
84,car,0.7614120841026306,16873
84,car,0.7273292541503906,5854
84,motorcycle,0.7065569162368774,7273
84,person,0.6379262804985046,5213
84,car,0.6369433999061584,7096
84,car,0.5753243565559387,38074
84,car,0.569736659526825,6220
84,car,0.5663026571273804,11746
84,car,0.556358277797699,5215
84,car,0.5460232496261597,10891
84,car,0.48684579133987427,22517
84,bus,0.46544918417930603,4045
84,truck,0.4579952359199524,4045
84,truck,0.45152798295021057,12631
84,person,0.39751574397087097,1333
84,person,0.3953303098678589,4877
84,person,0.3926982879638672,3778
84,truck,0.3872821033000946,18547
84,car,0.3732384145259857,2179
84,car,0.3725655972957611,4213
84,person,0.36911460757255554,8792
84,truck,0.3627645969390869,12142
84,truck,0.3509112000465393,10855
84,car,0.31155064702033997,18712
84,person,0.2511693239212036,2962
85,car,0.8081371784210205,15196
85,car,0.7972531914710999,38926
85,car,0.7946851253509521,21295
85,car,0.7719988822937012,16810
85,car,0.7635089159011841,17965
85,motorcycle,0.755595862865448,5783
85,car,0.7316872477531433,10399
85,car,0.6489644050598145,7072
85,car,0.6350727677345276,6004
85,car,0.6291710734367371,5329
85,car,0.5935735106468201,10120
85,car,0.568237841129303,38029
85,car,0.5518926978111267,5689
85,car,0.5472484230995178,11806
85,bus,0.5386037230491638,4018
85,person,0.5194747447967529,4991
85,car,0.5117749571800232,22274
85,truck,0.48163047432899475,12634
85,car,0.4432092010974884,2110
85,truck,0.43166664242744446,18505
85,person,0.40112751722335815,4288
85,person,0.3860756754875183,8531
85,car,0.3801567852497101,4459
85,truck,0.347673624753952,12178
85,person,0.33180880546569824,4798
85,person,0.3209265470504761,2209
85,car,0.3192739486694336,7801
85,truck,0.3182603120803833,10120
85,person,0.2833542227745056,2749
85,person,0.27839988470077515,1852
85,car,0.25983256101608276,3100
86,car,0.8288707733154297,14755
86,car,0.8287491202354431,19654
86,car,0.7851406335830688,38872
86,car,0.7830260992050171,16558
86,car,0.7708040475845337,21196
86,car,0.6998833417892456,6394
86,car,0.6843862533569336,9349
86,car,0.6684684157371521,6073
86,car,0.6515560746192932,7105
86,car,0.649474561214447,6541
86,person,0.6419457197189331,5638
86,motorcycle,0.6321488618850708,5519
86,truck,0.5675947666168213,3991
86,car,0.5571348667144775,37948
86,truck,0.532569169998169,10462
86,car,0.5195667147636414,12145
86,car,0.4752255976200104,21914
86,truck,0.47068217396736145,12697
86,truck,0.46694085001945496,18583
86,person,0.41016149520874023,3965
86,car,0.3692266643047333,3805
86,truck,0.3623991012573242,12037
86,person,0.35187458992004395,4936
86,motorcycle,0.32232552766799927,6023
86,car,0.31771209836006165,1459
86,person,0.29060959815979004,997
86,person,0.28927314281463623,2566
86,person,0.2873630225658417,4211
86,car,0.2816140949726105,18043
86,person,0.2773677408695221,2749
86,car,0.26491835713386536,7828
86,person,0.25885945558547974,2005
87,car,0.8344555497169495,19663
87,car,0.8246560096740723,14710
87,car,0.7877349853515625,38818
87,car,0.7838652729988098,16585
87,car,0.7676671743392944,21196
87,car,0.7002526521682739,6394
87,car,0.6828173398971558,9340
87,car,0.6698983311653137,6073
87,car,0.6516866683959961,6541
87,car,0.6501899361610413,7114
87,person,0.6485947370529175,5647
87,motorcycle,0.6342807412147522,5519
87,truck,0.5662215948104858,4000
87,car,0.5588397979736328,37939
87,truck,0.5318602323532104,10462
87,car,0.5055201649665833,12163
87,car,0.4710719585418701,21821
87,truck,0.47060343623161316,18574
87,truck,0.46912315487861633,12661
87,person,0.4067879319190979,3914
87,truck,0.4052751064300537,12073
87,car,0.36830806732177734,3805
87,person,0.3577318787574768,4936
87,motorcycle,0.34296464920043945,6158
87,car,0.31437286734580994,1459
87,person,0.30874526500701904,4229
87,person,0.28916653990745544,997
87,person,0.286609947681427,2530
87,person,0.2862531244754791,2749
87,car,0.28176432847976685,18043
87,truck,0.26737266778945923,22481
87,car,0.2649974822998047,7792
87,person,0.2639968693256378,2005
87,person,0.250057578086853,2722
88,car,0.8357300758361816,19261
88,car,0.8089256286621094,14839
88,car,0.8069119453430176,38872
88,car,0.7796579599380493,16630
88,car,0.7602332234382629,21187
88,car,0.7166231274604797,5848
88,car,0.7116161584854126,6517
88,motorcycle,0.6444366574287415,5987
88,car,0.6407879590988159,7123
88,car,0.6029032468795776,6334
88,person,0.5901955962181091,5161
88,truck,0.5884256362915039,3982
88,car,0.5863156318664551,37888
88,car,0.5551130175590515,10324
88,car,0.5397460460662842,12091
88,truck,0.5317227244377136,9952
88,truck,0.4782746434211731,12715
88,car,0.4610231816768646,21476
88,truck,0.4578993618488312,18634
88,person,0.417975515127182,3769
88,car,0.37095606327056885,6659
88,person,0.35559576749801636,2467
88,person,0.34570780396461487,4864
88,truck,0.34361594915390015,12037
88,person,0.3421577513217926,1288
88,person,0.3151404857635498,3524
88,person,0.3115198016166687,2698
88,car,0.31125226616859436,4132
88,car,0.2949216365814209,18166
88,motorcycle,0.2826671600341797,5349
88,car,0.27864503860473633,7756
88,person,0.27535325288772583,4777
88,car,0.27486610412597656,1513
88,person,0.2718549072742462,7541
89,car,0.8667330145835876,21151
89,car,0.8066501021385193,38899
89,car,0.7748568654060364,16846
89,car,0.765221118927002,21277
89,car,0.754024863243103,6880
89,person,0.7097030878067017,5191
89,car,0.6948034167289734,11765
89,person,0.6694008111953735,5458
89,car,0.6671913862228394,7195
89,car,0.6293475031852722,5257
89,motorcycle,0.614223062992096,7634
89,car,0.5980483889579773,6691
89,car,0.5887071490287781,8767
89,car,0.5795049071311951,14464
89,car,0.531812846660614,12091
89,car,0.5284807682037354,37744
89,car,0.5006681680679321,1705
89,car,0.49468541145324707,21341
89,truck,0.49150681495666504,3577
89,truck,0.4602874517440796,12757
89,truck,0.4536716341972351,18637
89,truck,0.4431787431240082,9172
89,car,0.38911741971969604,9199
89,truck,0.3510998487472534,12001
89,person,0.33699315786361694,4966
89,person,0.32184118032455444,2440
89,car,0.31980952620506287,7801
89,car,0.3192257583141327,4360
89,person,0.3124740719795227,2749
89,car,0.2990598678588867,18076
89,car,0.2626173496246338,2260
90,car,0.8661903142929077,21151
90,car,0.8085126876831055,38890
90,car,0.7743913531303406,16846
90,car,0.7640161514282227,21277
90,car,0.7560052275657654,6880
90,person,0.7093033790588379,5200
90,car,0.693292498588562,11765
90,person,0.6703452467918396,5512
90,car,0.6674761772155762,7195
90,car,0.6296390891075134,5257
90,motorcycle,0.6144453287124634,7658
90,car,0.597004771232605,6691
90,car,0.5858215093612671,8767
90,car,0.5797731876373291,14464
90,car,0.5295276045799255,12091
90,car,0.5252436399459839,37744
90,car,0.5051112174987793,1705
90,car,0.49360913038253784,21467
90,truck,0.49129876494407654,3577
90,truck,0.46073055267333984,12757
90,truck,0.45145899057388306,18637
90,truck,0.4471302926540375,9172
90,car,0.3876168131828308,9199
90,truck,0.35956814885139465,12001
90,person,0.33268287777900696,4966
90,person,0.32381880283355713,2440
90,car,0.32213717699050903,4432
90,person,0.3182853162288666,2749
90,car,0.31781288981437683,7801
90,car,0.29935207962989807,18094
90,car,0.2607918381690979,2269
91,car,0.8541247844696045,21109
91,car,0.8125920295715332,38863
91,car,0.7582451701164246,16846
91,car,0.745596706867218,21268
91,car,0.7215927243232727,7000
91,motorcycle,0.7166236042976379,7437
91,car,0.7059569358825684,8746
91,car,0.7009842991828918,15440
91,car,0.6681984663009644,14044
91,car,0.6647957563400269,6295
91,car,0.6635845303535461,7168
91,person,0.6503140926361084,5128
91,car,0.6352765560150146,1738
91,car,0.6150393486022949,6664
91,person,0.5741186141967773,4627
91,car,0.5673225522041321,37915
91,car,0.5282934308052063,20681
91,car,0.5007643699645996,12064
91,truck,0.46422716975212097,12748
91,truck,0.463521808385849,18655
91,truck,0.42338576912879944,3424
91,truck,0.4140641391277313,8878
91,truck,0.384956032037735,12055
91,car,0.3453283905982971,8902
91,person,0.3319714665412903,4978
91,car,0.33134087920188904,7738
91,person,0.3289073705673218,2749
91,person,0.3288566470146179,2680
91,person,0.3095417320728302,7404
91,car,0.27608564496040344,2350
91,car,0.27064698934555054,18085
91,bus,0.2552027404308319,3424
92,car,0.8407583832740784,22867
92,car,0.820432722568512,38872
92,car,0.7937303781509399,8179
92,car,0.7871311902999878,21533
92,car,0.7603024244308472,6643
92,car,0.7388017177581787,16891
92,car,0.7253015041351318,21277
92,car,0.6835978031158447,5428
92,car,0.6751460433006287,12130
92,motorcycle,0.6426869034767151,7511
92,car,0.6354036927223206,7135
92,car,0.6152325868606567,2095
92,car,0.5985657572746277,6847
92,person,0.5515454411506653,5470
92,truck,0.5235686302185059,3925
92,truck,0.5093742609024048,7870
92,truck,0.49618443846702576,18892
92,person,0.4781723916530609,3976
92,car,0.4764764606952667,37969
92,person,0.4753493666648865,5572
92,truck,0.4622611999511719,12676
92,car,0.43727749586105347,21041
92,truck,0.40617015957832336,12145
92,car,0.40414369106292725,12145
92,person,0.3988296389579773,4768
92,truck,0.3876056373119354,37924
92,person,0.3393189609050751,2917
92,car,0.33647027611732483,2707
92,person,0.30120849609375,2449
92,car,0.2937876582145691,7549
93,car,0.8409613370895386,22867
93,car,0.8205633163452148,38872
93,car,0.7920525670051575,8188
93,car,0.7874336838722229,21524
93,car,0.7600705027580261,6643
93,car,0.738608717918396,16891
93,car,0.7247535586357117,21277
93,car,0.6829497814178467,5428
93,car,0.6747453212738037,12130
93,motorcycle,0.6426441073417664,7511
93,car,0.6345537900924683,7135
93,car,0.6136515140533447,2095
93,car,0.5979771614074707,6847
93,person,0.5518001317977905,5470
93,truck,0.5245711207389832,3925
93,truck,0.5096128582954407,7870
93,truck,0.49619221687316895,18892
93,person,0.4780672490596771,3976
93,car,0.47650882601737976,37969
93,person,0.4754825532436371,5572
93,truck,0.4621471166610718,12676
93,car,0.43734753131866455,21041
93,truck,0.4068334400653839,12145
93,car,0.4031648635864258,12145
93,person,0.39876776933670044,4768
93,truck,0.387597918510437,37924
93,person,0.3391819894313812,2917
93,car,0.33482351899147034,2707
93,person,0.3009965121746063,2449
93,car,0.2924179434776306,7549
94,car,0.8938097953796387,23029
94,car,0.8408750891685486,38935
94,car,0.8057284951210022,25058
94,car,0.7706896662712097,8152
94,car,0.7340654134750366,16918
94,car,0.7264832854270935,21322
94,car,0.7064158916473389,6556
94,car,0.6884621381759644,12544
94,motorcycle,0.686099112033844,7634
94,car,0.6575378179550171,7069
94,person,0.6270002722740173,5599
94,car,0.6220719814300537,19088
94,person,0.6168676614761353,5599
94,car,0.6108449101448059,7108
94,car,0.5807782411575317,2194
94,person,0.5415106415748596,4933
94,truck,0.5265588164329529,3970
94,car,0.5236073732376099,5557
94,car,0.502558171749115,37924
94,truck,0.4968312382698059,18739
94,truck,0.45748311281204224,12739
94,truck,0.4338059425354004,9178
94,car,0.403525173664093,12118
94,car,0.40130165219306946,4258
94,truck,0.40028753876686096,12187
94,person,0.3618411719799042,2962
94,truck,0.35850024223327637,37753
94,car,0.2951374650001526,7594
94,car,0.2681203782558441,3100
95,car,0.8820163607597351,25129
95,car,0.8715861439704895,29819
95,car,0.766819953918457,12238
95,car,0.7665057182312012,39097
95,car,0.7177779078483582,21277
95,car,0.7160313129425049,7795
95,car,0.6980961561203003,17014
95,car,0.6755800247192383,7063
95,car,0.6300244331359863,7159
95,car,0.6250932812690735,5641
95,bus,0.5966847538948059,4612
95,person,0.587365984916687,4459
95,car,0.5549091100692749,6727
95,person,0.5215065479278564,5491
95,car,0.505760669708252,2185
95,car,0.4889872670173645,19763
95,car,0.48322999477386475,11737
95,truck,0.47987717390060425,8752
95,person,0.4707116186618805,4093
95,car,0.46700721979141235,38176
95,truck,0.46589189767837524,19096
95,truck,0.4399782717227936,12910
95,person,0.4394819438457489,4895
95,truck,0.3996399939060211,37978
95,truck,0.3439498543739319,12118
95,person,0.3196794390678406,2962
95,truck,0.3035229742527008,39142
95,car,0.2911373972892761,2872
95,car,0.2785899043083191,7504
95,motorcycle,0.27447405457496643,7034
95,person,0.25207555294036865,5551
96,car,0.8818493485450745,25138
96,car,0.8711127638816833,29819
96,car,0.7670809626579285,12238
96,car,0.763371467590332,39061
96,car,0.7185655832290649,21286
96,car,0.7137892246246338,7804
96,car,0.6964311599731445,17014
96,car,0.6779234409332275,7063
96,car,0.6310410499572754,7177
96,car,0.6261188983917236,5641
96,bus,0.608315110206604,4612
96,person,0.58526211977005,4459
96,car,0.5564881563186646,6712
96,person,0.5321670770645142,5473
96,car,0.50680011510849,2185
96,car,0.49219632148742676,19895
96,car,0.48039117455482483,11755
96,truck,0.48034772276878357,8752
96,person,0.4747307300567627,4093
96,car,0.46269962191581726,38212
96,truck,0.46148040890693665,19096
96,truck,0.4407082796096802,12919
96,person,0.43979009985923767,4886
96,truck,0.4080806076526642,38077
96,truck,0.34862980246543884,12109
96,person,0.3238891065120697,2962
96,truck,0.30817076563835144,39151
96,car,0.293681800365448,2872
96,car,0.27983176708221436,7504
96,motorcycle,0.2737160325050354,6992
97,car,0.8459535837173462,32771
97,car,0.8431487083435059,25453
97,car,0.7702623605728149,7039
97,car,0.7688337564468384,11890
97,car,0.7255197167396545,38701
97,car,0.7210825085639954,6853
97,car,0.7094200849533081,17005
97,car,0.7082175016403198,21286
97,car,0.7068029046058655,8551
97,car,0.6414698958396912,5863
97,car,0.6402282118797302,7159
97,person,0.612387478351593,4459
97,person,0.6116650104522705,5524
97,truck,0.5567001700401306,7822
97,bus,0.5400876402854919,4576
97,car,0.5163083672523499,38005
97,truck,0.5138652920722961,18958
97,car,0.49956271052360535,12136
97,car,0.48253709077835083,2185
97,car,0.4764522612094879,20519
97,truck,0.458443284034729,12838
97,person,0.41068264842033386,5179
97,truck,0.3840073049068451,37978
97,person,0.3640809953212738,5473
97,person,0.352342426776886,3364
97,motorcycle,0.3491525650024414,5597
97,person,0.34127822518348694,3268
97,truck,0.3395628333091736,12118
97,truck,0.33634838461875916,38836
97,person,0.31771135330200195,2962
97,car,0.29183444380760193,7504
98,car,0.8898555636405945,27082
98,car,0.8044707179069519,37406
98,car,0.7657368183135986,21385
98,car,0.7647300362586975,10093
98,person,0.7229922413825989,4081
98,person,0.7222639322280884,5278
98,car,0.678437352180481,7147
98,car,0.6745017170906067,38116
98,car,0.6727203726768494,16933
98,car,0.6447820663452148,7090
98,car,0.589359700679779,37888
98,car,0.550161600112915,3973
98,bus,0.5381122827529907,3433
98,car,0.5334950089454651,2059
98,car,0.527419924736023,12259
98,truck,0.5249822735786438,17917
98,car,0.5203132033348083,6940
98,car,0.517742931842804,5897
98,car,0.4632337987422943,7099
98,truck,0.4411780834197998,12937
98,truck,0.41640058159828186,7654
98,truck,0.38152259588241577,38305
98,motorcycle,0.37341031432151794,5082
98,person,0.36958980560302734,4006
98,car,0.3693024516105652,21159
98,person,0.358106404542923,5725
98,person,0.3466391861438751,3007
98,person,0.3248843848705292,3580
98,motorcycle,0.3226754665374756,5252
98,car,0.31416335701942444,3625
98,truck,0.30215004086494446,37451
98,car,0.30040067434310913,2692
98,car,0.2781599164009094,7468
99,car,0.8893229365348816,27082
99,car,0.8046249747276306,37406
99,car,0.764327347278595,21385
99,car,0.7636976838111877,10093
99,person,0.7225202918052673,4081
99,person,0.7217921018600464,5287
99,car,0.6774184107780457,7147
99,car,0.6753321290016174,38116
99,car,0.6736980080604553,17011
99,car,0.6424673795700073,7090
99,car,0.5891389846801758,37888
99,car,0.5466452240943909,3973
99,bus,0.5355891585350037,3433
99,car,0.5322093367576599,2059
99,truck,0.526317834854126,17917
99,car,0.5248959064483643,12277
99,car,0.5223923921585083,5897
99,car,0.5190655589103699,6940
99,car,0.4628761410713196,7108
99,truck,0.44227197766304016,12937
99,truck,0.4177647829055786,7654
99,truck,0.38328444957733154,38305
99,motorcycle,0.3714795708656311,5073
99,car,0.3701028823852539,21159
99,person,0.3678015172481537,3997
99,person,0.35876524448394775,5725
99,person,0.3460176885128021,3007
99,person,0.3231469988822937,3562
99,motorcycle,0.32187265157699585,5213
99,car,0.31299570202827454,3625
99,truck,0.30967575311660767,12181
99,truck,0.302283376455307,37451
99,car,0.3011615574359894,2692
99,car,0.27944231033325195,7423
100,car,0.9091480374336243,28849
100,car,0.8393761515617371,38630
100,person,0.763176441192627,3988
100,person,0.7620785236358643,5386
100,car,0.7574618458747864,21376
100,car,0.7476107478141785,10813
100,car,0.6994518041610718,7810
100,car,0.6707204580307007,17011
100,car,0.6613783240318298,38071
100,car,0.6513899564743042,37780
100,car,0.6324177980422974,7090
100,bus,0.5957635641098022,4012
100,car,0.5744837522506714,7327
100,car,0.55543452501297,4450
100,motorcycle,0.5553408265113831,6649
100,truck,0.5233204364776611,17767
100,person,0.5163223147392273,6328
100,car,0.5124629735946655,7321
100,car,0.47986650466918945,11929
100,car,0.4779343903064728,6014
100,car,0.44178107380867004,1651
100,truck,0.42695897817611694,12910
100,truck,0.3963741362094879,7435
100,truck,0.39200568199157715,38260
100,car,0.3793419301509857,21348
100,truck,0.3617120087146759,12205
100,person,0.35139262676239014,3007
100,truck,0.31008628010749817,38540
100,person,0.2952752113342285,5488
100,car,0.2820465862751007,7441
100,car,0.2787487208843231,4588
101,car,0.8909967541694641,30178
101,person,0.7879330515861511,5296
101,car,0.7588042616844177,21304
101,car,0.7541670799255371,9883
101,car,0.7041837573051453,11114
101,car,0.7009422779083252,37681
101,car,0.6870620846748352,40307
101,car,0.6607031226158142,7387
101,car,0.6583976149559021,16984
101,bus,0.6298832297325134,3529
101,car,0.6279045343399048,37498
101,person,0.6158798336982727,4009
101,car,0.6044446229934692,7114
101,car,0.5943484902381897,7840
101,person,0.5778384804725647,5611
101,car,0.5716908574104309,2320
101,car,0.533292293548584,19904
101,motorcycle,0.5160753726959229,8249
101,car,0.5080659985542297,3877
101,truck,0.49339911341667175,17926
101,car,0.4709452688694,7675
101,car,0.45747044682502747,11842
101,car,0.41588330268859863,5987
101,truck,0.4036068618297577,12811
101,truck,0.39138975739479065,12163
101,truck,0.36044880747795105,37543
101,person,0.34829920530319214,3007
101,truck,0.334014892578125,7741
101,car,0.3332219123840332,3604
101,person,0.29479193687438965,5089
101,truck,0.28655028343200684,40199
101,person,0.2813212275505066,1300
101,car,0.27269411087036133,7333
101,car,0.2504928410053253,2743
102,car,0.8899428248405457,30178
102,person,0.7954103350639343,5320
102,car,0.7597754001617432,21295
102,car,0.7534141540527344,9865
102,car,0.7083574533462524,37708
102,car,0.7039552330970764,11114
102,car,0.6762378811836243,40307
102,car,0.66268390417099,7387
102,car,0.6575782299041748,16993
102,bus,0.6227315068244934,3547
102,person,0.6227171421051025,4018
102,car,0.6216163635253906,37525
102,car,0.6083558201789856,7099
102,car,0.5943451523780823,7840
102,person,0.576675534248352,5572
102,car,0.5683860778808594,2320
102,car,0.5195520520210266,19907
102,motorcycle,0.5145127773284912,8153
102,car,0.5116605162620544,3868
102,truck,0.48769620060920715,17899
102,car,0.47077393531799316,7675
102,car,0.4690435826778412,11965
102,car,0.44578996300697327,5987
102,truck,0.3883969485759735,12820
102,truck,0.3841526508331299,12217
102,truck,0.3686944246292114,37534
102,person,0.3527238070964813,2971
102,truck,0.3447531461715698,7741
102,car,0.32459762692451477,3628
102,truck,0.29546383023262024,40226
102,person,0.28785440325737,5140
102,person,0.28186869621276855,1300
102,car,0.25828787684440613,7369
102,car,0.2538445293903351,2752
102,car,0.2505630850791931,3676
103,car,0.9035704731941223,31294
103,person,0.818458616733551,5320
103,car,0.7649890184402466,10471
103,car,0.7606709003448486,14936
103,car,0.7542715072631836,21331
103,car,0.740732729434967,41513
103,person,0.7399616241455078,3403
103,car,0.7064654231071472,37816
103,car,0.705981969833374,38233
103,car,0.6826671957969666,8071
103,car,0.6613121032714844,7897
103,person,0.6514447927474976,5674
103,car,0.6365855932235718,16906
103,car,0.6328244209289551,7114
103,motorcycle,0.6083605289459229,7475
103,car,0.572638988494873,7804
103,car,0.5318877696990967,19874
103,bus,0.5292541980743408,4381
103,truck,0.5260486602783203,17935
103,car,0.49828487634658813,11965
103,car,0.4967953562736511,5942
103,car,0.4397740066051483,2320
103,truck,0.40026357769966125,12820
103,car,0.3978607654571533,4258
103,person,0.39386963844299316,2971
103,truck,0.36950820684432983,12241
103,person,0.3130640983581543,1300
103,car,0.27689993381500244,7360
103,truck,0.26710015535354614,7777
103,motorcycle,0.26448673009872437,3437
103,person,0.26446405053138733,4984
103,car,0.2630908191204071,3646
103,car,0.2516338527202606,7858
103,person,0.251598596572876,2335
104,car,0.8913437724113464,33976
104,car,0.8359090089797974,20591
104,person,0.7847177982330322,5368
104,car,0.7658677697181702,9661
104,car,0.6975106596946716,37876
104,car,0.6929193735122681,21313
104,car,0.679301381111145,7111
104,person,0.6712762713432312,4219
104,car,0.63965904712677,37858
104,car,0.6366530656814575,42119
104,car,0.6271790266036987,16825
104,person,0.6054078936576843,6008
104,car,0.601648211479187,7141
104,car,0.5935080051422119,8704
104,car,0.565445065498352,18641
104,car,0.5392032265663147,6658
104,truck,0.513484001159668,17779
104,car,0.42742592096328735,12037
104,truck,0.41623711585998535,12508
104,truck,0.40981948375701904,6616
104,car,0.381894588470459,4414
104,truck,0.3577176034450531,12847
104,car,0.3574765622615814,2320
104,person,0.3544937074184418,1300
104,motorcycle,0.3544321656227112,5107
104,car,0.34110239148139954,5879
104,person,0.3399120271205902,2962
104,truck,0.3241213262081146,4528
104,car,0.2796486020088196,3550
104,car,0.2754485607147217,2197
104,car,0.26461946964263916,7423
104,car,0.2519601881504059,3472
105,car,0.8914005756378174,34003
105,car,0.8353419899940491,20555
105,person,0.7846342325210571,5368
105,car,0.7665636539459229,9697
105,car,0.6973430514335632,37876
105,car,0.6928316950798035,21313
105,car,0.6791880130767822,7111
105,person,0.6706804633140564,4219
105,car,0.6401343941688538,37858
105,car,0.6364841461181641,42119
105,car,0.6266735792160034,16825
105,person,0.6059393286705017,6008
105,car,0.601408064365387,7141
105,car,0.5931985974311829,8704
105,car,0.5658656358718872,18641
105,car,0.5366821885108948,6658
105,truck,0.5133478045463562,17779
105,car,0.42747384309768677,12037
105,truck,0.4160630404949188,12508
105,truck,0.4102475047111511,6616
105,car,0.381915807723999,4414
105,truck,0.357314795255661,12847
105,car,0.35700342059135437,2320
105,person,0.35395070910453796,1300
105,motorcycle,0.35372236371040344,5107
105,car,0.34421879053115845,5879
105,person,0.3399861752986908,2962
105,truck,0.325725793838501,4528
105,car,0.2794564366340637,3550
105,car,0.2754063904285431,2197
105,car,0.26441729068756104,7423
105,car,0.2521771788597107,3472
106,car,0.8874420523643494,34375
106,car,0.8304600119590759,23126
106,person,0.7883201837539673,5404
106,car,0.7254095077514648,9481
106,car,0.707883894443512,42353
106,car,0.6927027106285095,37861
106,car,0.6466553211212158,37939
106,car,0.6451737284660339,21259
106,car,0.6293233633041382,7300
106,car,0.6078305840492249,7159
106,car,0.5989077687263489,16852
106,car,0.5728415846824646,7816
106,truck,0.5719736218452454,18799
106,car,0.571375846862793,8200
106,person,0.5485174059867859,5036
106,car,0.5054373145103455,2320
106,truck,0.49281561374664307,12355
106,car,0.4894489049911499,17987
106,bus,0.45872873067855835,4273
106,car,0.4197259843349457,5915
106,truck,0.38461941480636597,12892
106,person,0.380564421415329,4078
106,car,0.3742561936378479,11923
106,car,0.35067760944366455,4051
106,motorcycle,0.32045888900756836,4264
106,person,0.30467575788497925,3007
106,truck,0.2844962179660797,7003
106,person,0.2600497305393219,1300
106,person,0.25739964842796326,7159
107,car,0.856572151184082,36427
107,person,0.7945348024368286,5314
107,car,0.7885231971740723,26501
107,car,0.7291817665100098,8437
107,car,0.7286719083786011,42121
107,car,0.725193202495575,37987
107,car,0.6941920518875122,8656
107,car,0.662329912185669,9796
107,car,0.6610404849052429,21106
107,car,0.6528002619743347,37921
107,person,0.6175510883331299,5372
107,car,0.6091642379760742,16825
107,car,0.6064164638519287,7150
107,truck,0.5585728287696838,17794
107,person,0.5345603227615356,7429
107,car,0.5048248767852783,3865
107,car,0.482391893863678,6796
107,truck,0.4414706826210022,11941
107,bus,0.4299619793891907,3727
107,truck,0.3921175003051758,12946
107,car,0.39203527569770813,6068
107,car,0.3906002342700958,11839
107,person,0.3582440912723541,586
107,truck,0.3412030041217804,37996
107,person,0.31889572739601135,3007
107,truck,0.3081657290458679,7003
107,car,0.2695492208003998,2758
107,car,0.2525361478328705,7513
107,car,0.25024664402008057,15843
108,car,0.856594979763031,36427
108,person,0.7950913906097412,5329
108,car,0.7898347973823547,26501
108,car,0.730219841003418,8437
108,car,0.7266139388084412,42121
108,car,0.7259577512741089,37987
108,car,0.6957772374153137,8656
108,car,0.6615259647369385,9796
108,car,0.6613470315933228,21079
108,car,0.6504984498023987,37912
108,person,0.6156694293022156,5372
108,car,0.6099188327789307,16816
108,car,0.6060298085212708,7141
108,truck,0.559750497341156,17803
108,person,0.5352874994277954,7420
108,car,0.5067489147186279,3907
108,car,0.4826631247997284,6796
108,truck,0.4480206072330475,11914
108,bus,0.41986358165740967,3736
108,truck,0.40023496747016907,12946
108,car,0.39334961771965027,6068
108,car,0.3851402699947357,11848
108,person,0.3567501902580261,586
108,person,0.32440224289894104,3007
108,truck,0.3062283396720886,7003
108,car,0.2681543529033661,2758
108,car,0.25665611028671265,15915
109,car,0.8401755690574646,28274
109,car,0.8050457239151001,39853
109,person,0.7837181687355042,5347
109,person,0.7796404957771301,3986
109,car,0.7292596101760864,9106
109,car,0.7241626977920532,40096
109,car,0.7191205620765686,37969
109,car,0.684707522392273,8911
109,car,0.6791631579399109,37849
109,car,0.6592497229576111,21169
109,car,0.6503193378448486,8899
109,car,0.6046759486198425,16912
109,car,0.6030206084251404,7141
109,car,0.5765021443367004,6139
109,car,0.5431123971939087,3601
109,truck,0.530680775642395,17848
109,car,0.46367982029914856,6086
109,truck,0.4478427469730377,11950
109,truck,0.40555089712142944,6253
109,truck,0.3827178180217743,12937
109,car,0.363961786031723,11875
109,truck,0.3418576717376709,8890
109,truck,0.3298749327659607,3871
109,car,0.29487407207489014,2500
109,person,0.292886883020401,910
109,car,0.27854618430137634,14261
109,bus,0.27331528067588806,3880
109,person,0.2663605511188507,3007
109,car,0.25697293877601624,2830
109,clock,0.25378066301345825,5716
109,car,0.25064927339553833,7423
110,car,0.8642684817314148,44377
110,car,0.8596627712249756,32876
110,person,0.7998217344284058,5365
110,car,0.6854854226112366,21133
110,car,0.6805364489555359,9736
110,car,0.6711005568504333,8215
110,car,0.6430521607398987,9919
110,car,0.6118850708007812,16852
110,car,0.6109762787818909,37987
110,car,0.610264241695404,37000
110,car,0.6002799868583679,6067
110,car,0.5964476466178894,7105
110,car,0.5130917429924011,37399
110,truck,0.5080242156982422,17884
110,truck,0.4961206316947937,12181
110,car,0.45291733741760254,4156
110,car,0.43641433119773865,5927
110,truck,0.3912707269191742,12955
110,truck,0.38044822216033936,37933
110,truck,0.37694430351257324,37255
110,truck,0.3716290295124054,4201
110,car,0.3155674934387207,12184
110,person,0.3105967342853546,8210
110,car,0.30570709705352783,13985
110,truck,0.2877062261104584,6059
110,clock,0.2770448327064514,5698
110,car,0.2546207010746002,7423
110,car,0.2504826486110687,12856
111,car,0.8648421168327332,44362
111,car,0.859484851360321,32885
111,person,0.8001474142074585,5365
111,car,0.6846144199371338,21124
111,car,0.6810775995254517,9736
111,car,0.6707776188850403,8215
111,car,0.6415585875511169,9910
111,car,0.6096330881118774,37000
111,car,0.607866108417511,37978
111,car,0.6047122478485107,16894
111,car,0.6021642088890076,6067
111,car,0.597454845905304,7114
111,car,0.5125129222869873,37444
111,truck,0.5090062618255615,17884
111,truck,0.4986954629421234,12193
111,car,0.4564581513404846,4156
111,car,0.4359712302684784,5936
111,truck,0.3846217393875122,12946
111,truck,0.38379284739494324,37933
111,truck,0.3757954239845276,37273
111,truck,0.37146931886672974,4201
111,car,0.32032302021980286,12184
111,person,0.3115173280239105,8219
111,car,0.30844202637672424,13976
111,truck,0.2887438237667084,6059
111,clock,0.26754167675971985,5680
111,car,0.2559025287628174,7342
111,car,0.25042328238487244,12865
112,car,0.8789066076278687,45070
112,car,0.8776377439498901,34751
112,person,0.7893093228340149,5473
112,car,0.7836458086967468,9313
112,car,0.7734223008155823,9274
112,car,0.6875234246253967,21079
112,car,0.63365238904953,8137
112,car,0.6298229694366455,16948
112,car,0.607846736907959,37459
112,car,0.5979925394058228,37435
112,car,0.5898034572601318,7096
112,car,0.5482766032218933,37612
112,car,0.5200563073158264,4309
112,truck,0.5165768265724182,18889
112,car,0.487623006105423,5975
112,truck,0.4702698588371277,12220
112,car,0.45547425746917725,5917
112,truck,0.42312541604042053,37729
112,truck,0.38623979687690735,12946
112,truck,0.3797641694545746,4018
112,truck,0.37010106444358826,37273
112,car,0.35288646817207336,3673
112,car,0.35263270139694214,5188
112,clock,0.3481912612915039,5662
112,car,0.3332686126232147,12193
112,person,0.2926260530948639,1015
112,car,0.2761991024017334,2452
112,person,0.2707976698875427,7784
112,car,0.2647438943386078,7387
113,car,0.9094910621643066,38030
113,car,0.8759394884109497,49477
113,car,0.7575168013572693,9070
113,person,0.7504807114601135,5099
113,car,0.7293205857276917,10174
113,car,0.7035781741142273,37999
113,car,0.6917122602462769,20122
113,car,0.6742010116577148,16951
113,car,0.6504585146903992,7255
113,car,0.6451141834259033,5722
113,car,0.6053909063339233,7018
113,car,0.5788180232048035,37057
113,truck,0.5350285172462463,18505
113,car,0.5250687599182129,33715
113,truck,0.44990381598472595,33661
113,car,0.42499086260795593,5900
113,truck,0.42008012533187866,37147
113,truck,0.4177026152610779,12148
113,truck,0.4036756753921509,12973
113,person,0.4026075303554535,2257
113,car,0.3919321894645691,12094
113,car,0.3845984935760498,3091
113,car,0.3817792534828186,4060
113,truck,0.3814241290092468,4150
113,person,0.3435248136520386,7207
113,person,0.33932849764823914,6118
113,truck,0.33039960265159607,22076
113,car,0.2784748673439026,2839
113,car,0.2674965262413025,4588
113,car,0.25639086961746216,7450
114,car,0.9097598195075989,38003
114,car,0.8752434253692627,49468
114,car,0.7590856552124023,9034
114,person,0.7545081377029419,5057
114,car,0.733290433883667,10183
114,car,0.7066323757171631,38008
114,car,0.6949252486228943,20074
114,car,0.6804724335670471,17020
114,car,0.6473037004470825,7264
114,car,0.643947958946228,5722
114,car,0.5994532704353333,7018
114,car,0.576792299747467,37012
114,car,0.5323366522789001,33706
114,truck,0.5265945196151733,18532
114,truck,0.446091890335083,33661
114,truck,0.42419564723968506,12193
114,truck,0.4196580946445465,37120
114,car,0.41770491003990173,5891
114,person,0.4062824845314026,2257
114,truck,0.4051249027252197,12973
114,car,0.38501423597335815,3091
114,car,0.380248486995697,4060
114,car,0.37808743119239807,12085
114,truck,0.37385913729667664,4141
114,person,0.3407565951347351,7216
114,person,0.3383323848247528,6118
114,truck,0.337881863117218,22712
114,car,0.27772095799446106,2839
114,car,0.2664811909198761,4588
114,car,0.26326626539230347,7486
115,car,0.918771505355835,37424
115,car,0.9122822880744934,49580
115,person,0.7665473222732544,5009
115,car,0.7616326212882996,38287
115,car,0.7244132161140442,20167
115,car,0.7159725427627563,9958
115,car,0.7150498032569885,9586
115,car,0.6706558465957642,16915
115,car,0.6574592590332031,7096
115,car,0.6185140609741211,7957
115,car,0.6021259427070618,5209
115,car,0.5774469971656799,32890
115,car,0.5474764108657837,37111
115,person,0.5363425016403198,1621
115,person,0.5147091150283813,6262
115,truck,0.5135711431503296,18559
115,car,0.4718053340911865,3853
115,car,0.44341808557510376,12139
115,truck,0.4159342348575592,37243
115,truck,0.3996250331401825,12937
115,truck,0.39946404099464417,22508
115,truck,0.37065231800079346,12148
115,car,0.36517032980918884,3100
115,truck,0.3651462197303772,3991
115,car,0.3143593370914459,5900
115,car,0.3023240268230438,7387
115,clock,0.2614453136920929,5911
115,car,0.25721800327301025,4960
116,car,0.9086072444915771,37081
116,car,0.8693239092826843,49865
116,car,0.7955323457717896,38287
116,person,0.7515329122543335,4931
116,car,0.7258590459823608,10702
116,car,0.7252519726753235,11017
116,car,0.7070176005363464,20176
116,car,0.6955841183662415,6967
116,car,0.6948971152305603,31693
116,car,0.6836611032485962,16975
116,car,0.6451075077056885,6364
116,car,0.6188523769378662,6982
116,car,0.5664803981781006,37093
116,car,0.5256044268608093,4138
116,truck,0.4983043074607849,18505
116,person,0.48754042387008667,6469
116,truck,0.46601223945617676,23327
116,truck,0.4569575786590576,12274
116,truck,0.4407985508441925,12955
116,truck,0.417430579662323,37201
116,car,0.4117792546749115,3874
116,truck,0.38280758261680603,3592
116,car,0.3806670010089874,12229
116,car,0.35602569580078125,2716
116,car,0.32281503081321716,6427
116,car,0.32151445746421814,2584
116,car,0.29629939794540405,7297
116,car,0.2927285432815552,5990
116,car,0.2604975998401642,1216
117,car,0.9086530804634094,37081
117,car,0.8680052161216736,49856
117,car,0.7978888154029846,38287
117,person,0.7500339150428772,4955
117,car,0.7258415222167969,11017
117,car,0.7249123454093933,10702
117,car,0.7090613842010498,20167
117,car,0.699609100818634,31903
117,car,0.6952984929084778,6967
117,car,0.6778886318206787,16975
117,car,0.641444206237793,6364
117,car,0.6171756386756897,6982
117,car,0.5718480348587036,37111
117,car,0.5291635990142822,4138
117,truck,0.4988407492637634,18505
117,truck,0.4785401523113251,23354
117,person,0.4718957841396332,6487
117,truck,0.46405062079429626,12274
117,truck,0.44522929191589355,12955
117,truck,0.41450753808021545,37216
117,car,0.4116975665092468,3865
117,car,0.3802680969238281,12229
117,truck,0.37937572598457336,3592
117,car,0.3592368960380554,2716
117,car,0.3224819302558899,6418
117,car,0.32022547721862793,2584
117,car,0.29402196407318115,7306
117,car,0.28320860862731934,5990
117,clock,0.268892377614975,5833
117,car,0.26297280192375183,1216
118,car,0.905022382736206,36862
118,car,0.8939768075942993,49988
118,car,0.768064022064209,10897
118,car,0.7392977476119995,38467
118,car,0.7383475303649902,20221
118,person,0.7246208190917969,4955
118,car,0.7059422135353088,10804
118,car,0.6971471309661865,8245
118,car,0.6782571077346802,5476
118,car,0.6590219736099243,16957
118,car,0.6339668035507202,7000
118,car,0.6057791113853455,4537
118,car,0.6041052341461182,8896
118,person,0.597693145275116,7264
118,car,0.5814070701599121,37534
118,car,0.5217560529708862,4024
118,car,0.5202431678771973,29623
118,truck,0.5028568506240845,23534
118,truck,0.48279231786727905,18577
118,truck,0.45832785964012146,29371
118,truck,0.4471225440502167,12865
118,truck,0.42037785053253174,37738
118,car,0.4200034439563751,12247
118,truck,0.4019131064414978,12274
118,truck,0.3919145464897156,38467
118,car,0.34435269236564636,7360
118,truck,0.33343565464019775,3832
118,car,0.32877790927886963,3208
118,car,0.2717333436012268,6059
118,car,0.2643638551235199,2662
119,car,0.9020863175392151,33040
119,car,0.8789831399917603,47519
119,car,0.7536131143569946,11638
119,car,0.7296549081802368,12226
119,person,0.7279708981513977,4721
119,car,0.697154700756073,21133
119,car,0.6409665942192078,15191
119,car,0.6385694146156311,5209
119,car,0.6310643553733826,38818
119,car,0.5856397747993469,16870
119,person,0.578417956829071,6517
119,car,0.5771837830543518,6946
119,car,0.5494471788406372,3538
119,car,0.5384576916694641,37783
119,truck,0.5087463855743408,37966
119,car,0.48831403255462646,26650
119,car,0.4861376881599426,7258
119,truck,0.4850415885448456,18544
119,truck,0.4712640643119812,12856
119,truck,0.46662741899490356,26560
119,truck,0.4617627263069153,37954
119,truck,0.4462487995624542,12301
119,car,0.43933388590812683,5932
119,car,0.4152495861053467,6140
119,car,0.40553128719329834,12247
119,car,0.3214855492115021,2752
119,car,0.2969803214073181,7351
119,truck,0.2932194769382477,3919
119,truck,0.2682388126850128,23237
120,car,0.9020715951919556,33049
120,car,0.8789507746696472,47519
120,car,0.7541238069534302,11638
120,car,0.7298488616943359,12226
120,person,0.7288821935653687,4721
120,car,0.6977257132530212,21133
120,car,0.6446241140365601,15200
120,car,0.6396093368530273,5209
120,car,0.6316136717796326,38818
120,car,0.585515558719635,16870
120,person,0.5786122679710388,6526
120,car,0.577701210975647,6946
120,car,0.5506060719490051,3538
120,car,0.5377166867256165,37792
120,truck,0.5076826810836792,37957
120,car,0.49285921454429626,26650
120,car,0.48742830753326416,7258
120,truck,0.48394086956977844,18544
120,truck,0.47078651189804077,12856
120,truck,0.4636914134025574,37954
120,truck,0.46334320306777954,26560
120,truck,0.4463992416858673,12301
120,car,0.44054001569747925,5932
120,car,0.4182881712913513,6140
120,car,0.40562888979911804,12247
120,car,0.32316237688064575,2752
120,car,0.29727670550346375,7351
120,truck,0.2932305932044983,3919
120,truck,0.2667163908481598,23282
121,car,0.8912751078605652,46187
121,car,0.8886856436729431,31456
121,car,0.7887029051780701,11203
121,car,0.7597168684005737,18013
121,car,0.7369899749755859,11851
121,car,0.7089772820472717,20194
121,car,0.6893623471260071,26470
121,person,0.6799212098121643,4779
121,car,0.6517712473869324,38173
121,car,0.5914998054504395,4579
121,car,0.5879772305488586,17038
121,car,0.5741803646087646,37837
121,car,0.5740057229995728,6946
121,car,0.5078151822090149,6589
121,car,0.4974011778831482,5689
121,truck,0.4905477464199066,38128
121,truck,0.4687032103538513,17851
121,car,0.45415619015693665,6140
121,truck,0.45292291045188904,12874
121,car,0.4452403485774994,12283
121,truck,0.4088808596134186,38017
121,truck,0.4040576219558716,12301
121,car,0.38128188252449036,3538
121,person,0.3461556136608124,6367
121,car,0.3444296717643738,2761
121,car,0.34236940741539,2866
121,truck,0.3249899446964264,5626
121,car,0.3207956552505493,7396
121,person,0.30433088541030884,832
121,truck,0.26660624146461487,3877
121,truck,0.2658624053001404,3904
121,person,0.26465916633605957,2461
121,car,0.25165772438049316,4756
122,car,0.9073100686073303,27373
122,car,0.8424472808837891,24128
122,car,0.825821578502655,11683
122,car,0.8070452809333801,11557
122,car,0.7055996060371399,6535
122,car,0.6953514814376831,44237
122,car,0.6832391023635864,20239
122,car,0.6375074982643127,38971
122,car,0.6241145133972168,24607
122,car,0.6191808581352234,17092
122,car,0.6125985980033875,7219
122,car,0.5573031902313232,6220
122,truck,0.541965126991272,38935
122,car,0.5141026973724365,38404
122,car,0.5116798877716064,5056
122,truck,0.4846716523170471,38593
122,truck,0.44832438230514526,17965
122,truck,0.4361982047557831,12328
122,person,0.4359259605407715,5626
122,truck,0.4276026487350464,5086
122,car,0.42623671889305115,3700
122,truck,0.4250102639198303,12910
122,car,0.424183189868927,6095
122,car,0.4212925434112549,12238
122,person,0.41397544741630554,2365
122,car,0.4116261303424835,7441
122,car,0.3333818018436432,2497
122,person,0.3318493664264679,4823
122,car,0.3086111545562744,3484
122,truck,0.2629419267177582,3802
122,truck,0.25733238458633423,4468
122,truck,0.25447845458984375,24495
123,car,0.9072650671005249,27364
123,car,0.8424586057662964,24128
123,car,0.8258325457572937,11683
123,car,0.8070228099822998,11557
123,car,0.7056304812431335,6535
123,car,0.6889826059341431,44237
123,car,0.6831223964691162,20239
123,car,0.6357312202453613,38971
123,car,0.6242172718048096,24607
123,car,0.6190299391746521,17092
123,car,0.6131737232208252,7228
123,car,0.5571595430374146,6220
123,truck,0.5426579117774963,38926
123,car,0.5118160247802734,5056
123,car,0.511736273765564,38368
123,truck,0.4894236624240875,38557
123,truck,0.44814175367355347,17965
123,person,0.43615075945854187,5626
123,truck,0.4360392987728119,12328
123,car,0.4303113520145416,3700
123,truck,0.4272731840610504,5086
123,truck,0.42519158124923706,12910
123,car,0.4218041002750397,12238
123,car,0.4207121431827545,6095
123,person,0.41402024030685425,2365
123,car,0.4118668735027313,7441
123,car,0.3333538770675659,2497
123,person,0.3298325836658478,4823
123,car,0.30896613001823425,3484
123,truck,0.26361900568008423,24495
123,truck,0.2628389894962311,3802
123,truck,0.25681471824645996,4468
124,car,0.9010372161865234,27250
124,car,0.8274792432785034,11419
124,car,0.7871355414390564,27155
124,car,0.7321743965148926,12667
124,car,0.6631752848625183,6028
124,car,0.6169210076332092,20185
124,car,0.6060221195220947,17119
124,car,0.6019405722618103,38989
124,car,0.5897397994995117,42404
124,truck,0.5851662755012512,38035
124,car,0.5777519345283508,7156
124,truck,0.5505549311637878,38164
124,car,0.5404112935066223,5515
124,truck,0.5248105525970459,12355
124,car,0.5238901972770691,5095
124,truck,0.46180659532546997,18451
124,car,0.4419496953487396,22768
124,truck,0.4409494698047638,20329
124,car,0.43759793043136597,3520
124,truck,0.4348147511482239,12901
124,car,0.43035972118377686,6059
124,truck,0.41423195600509644,22678
124,car,0.4066073000431061,37855
124,car,0.3757672607898712,7450
124,car,0.3418132960796356,12310
124,car,0.3326050341129303,5416
124,truck,0.31172922253608704,4906
124,person,0.31143009662628174,832
124,person,0.295911967754364,5257
124,truck,0.28987008333206177,3820
124,person,0.26622849702835083,1993
124,car,0.26488420367240906,3403
125,car,0.9173595309257507,24766
125,car,0.798488199710846,12787
125,car,0.7649258375167847,30983
125,car,0.7114298939704895,12949
125,car,0.6408235430717468,17038
125,car,0.6201192736625671,20968
125,car,0.6138613224029541,38881
125,car,0.6088933348655701,20185
125,car,0.5736830234527588,6391
125,car,0.5703270435333252,7129
125,truck,0.56706303358078,38557
125,truck,0.5371589064598083,12319
125,truck,0.5127813816070557,38047
125,car,0.4902020990848541,5987
125,car,0.475122332572937,4081
125,truck,0.4691812992095947,18538
125,truck,0.44844716787338257,20275
125,car,0.44592541456222534,7459
125,car,0.4361238181591034,38305
125,truck,0.4333256483078003,12910
125,truck,0.40511801838874817,4516
125,car,0.3987109363079071,5743
125,person,0.36853036284446716,5491
125,car,0.351131796836853,2761
125,car,0.33602631092071533,12274
125,car,0.3345547914505005,38162
125,person,0.33029600977897644,988
125,car,0.32448703050613403,4954
125,truck,0.2988762855529785,4468
125,truck,0.29328224062919617,3577
125,car,0.29139474034309387,3556
125,truck,0.2697301506996155,3505
126,car,0.9169849157333374,24730
126,car,0.7969115972518921,12787
126,car,0.7594045400619507,30992
126,car,0.7090242505073547,12958
126,car,0.6372911930084229,17092
126,car,0.6157464981079102,20968
126,car,0.6103334426879883,20185
126,car,0.608216404914856,38881
126,car,0.5719210505485535,6391
126,car,0.5635300278663635,7165
126,truck,0.5618934035301208,38548
126,truck,0.5399221777915955,12319
126,truck,0.5205960869789124,38809
126,car,0.4860539138317108,6023
126,car,0.47415080666542053,4081
126,truck,0.46796074509620667,18538
126,truck,0.45221683382987976,20311
126,car,0.44409194588661194,7459
126,truck,0.4384293854236603,12910
126,car,0.43784016370773315,38305
126,truck,0.40466341376304626,4516
126,car,0.3984691798686981,5743
126,person,0.3699685335159302,5464
126,car,0.350803941488266,2761
126,car,0.33783766627311707,12274
126,person,0.32944241166114807,988
126,car,0.3282790780067444,38162
126,car,0.3190051317214966,4990
126,truck,0.2997363209724426,4504
126,truck,0.2963864803314209,3595
126,car,0.2897724509239197,3556
126,truck,0.27005743980407715,3505
127,car,0.91729736328125,24280
127,car,0.7908040881156921,13606
127,car,0.7037869691848755,13756
127,car,0.6323100328445435,17092
127,car,0.6311522722244263,20155
127,car,0.6188970804214478,20251
127,car,0.6145308613777161,5593
127,car,0.6005117297172546,38881
127,car,0.5695887207984924,5752
127,truck,0.5530678629875183,12319
127,car,0.547203004360199,7219
127,car,0.5257947444915771,33920
127,truck,0.5184317827224731,38284
127,truck,0.5161113142967224,38827
127,truck,0.5019996762275696,36701
127,car,0.49635040760040283,5996
127,truck,0.4956016540527344,33938
127,truck,0.4911445677280426,18511
127,car,0.48063570261001587,3541
127,truck,0.4563777446746826,12910
127,car,0.44534239172935486,7459
127,truck,0.42669814825057983,3550
127,truck,0.4220365583896637,20284
127,car,0.4213044047355652,38212
127,car,0.4197666049003601,3100
127,car,0.35874059796333313,3442
127,bus,0.34095925092697144,4396
127,car,0.3395937979221344,2197
127,truck,0.337277352809906,5182
127,car,0.297514945268631,12274
127,car,0.29347193241119385,5191
127,car,0.2772994041442871,2779
127,truck,0.2722419798374176,4321
128,car,0.8948826193809509,21427
128,car,0.820618212223053,37649
128,car,0.8183900117874146,14572
128,car,0.7565388083457947,13558
128,car,0.6601975560188293,20110
128,car,0.659273087978363,19339
128,car,0.6346005201339722,5209
128,car,0.6299660801887512,5968
128,car,0.6085551381111145,17164
128,car,0.6009281277656555,38836
128,car,0.5799155831336975,30809
128,car,0.5685800909996033,3922
128,car,0.5653252005577087,7183
128,truck,0.5532850027084351,12364
128,truck,0.5450950860977173,38854
128,truck,0.5427976250648499,38311
128,truck,0.49805188179016113,30827
128,car,0.49243080615997314,5969
128,truck,0.48015695810317993,18547
128,truck,0.439598947763443,13084
128,truck,0.4330086410045624,20263
128,car,0.4323793947696686,3424
128,car,0.43051671981811523,7468
128,car,0.4250183403491974,2680
128,truck,0.4007122814655304,5293
128,truck,0.39168581366539,3484
128,car,0.36471763253211975,38176
128,bus,0.32354944944381714,4324
128,car,0.315154492855072,12301
128,car,0.3059859871864319,2842
128,car,0.2845405340194702,20699
128,person,0.2821067273616791,1498
129,car,0.8945945501327515,21436
129,car,0.8211490511894226,37640
129,car,0.8189958930015564,14563
129,car,0.7569212913513184,13558
129,car,0.6580196619033813,20155
129,car,0.6564565896987915,19348
129,car,0.6340365409851074,5200
129,car,0.6297838091850281,5968
129,car,0.6132028698921204,17164
129,car,0.607232391834259,38845
129,car,0.5813507437705994,30773
129,car,0.5702478289604187,3922
129,car,0.5653066635131836,7192
129,truck,0.5453214645385742,12373
129,truck,0.5448386073112488,38320
129,truck,0.5443422794342041,38854
129,truck,0.5023691654205322,30791
129,car,0.4907360076904297,5978
129,truck,0.4789504408836365,18574
129,truck,0.4404327869415283,20266
129,truck,0.4365515112876892,13102
129,car,0.432137668132782,7468
129,car,0.43183112144470215,3424
129,car,0.4225546717643738,2680
129,truck,0.399358332157135,5293
129,truck,0.3902900815010071,3484
129,car,0.3632023334503174,38167
129,bus,0.321467787027359,4324
129,car,0.31975337862968445,12310
129,car,0.3099622130393982,2842
129,car,0.28450724482536316,20708
129,person,0.28160539269447327,1489
129,truck,0.25020384788513184,4324
130,car,0.8724242448806763,19381
130,car,0.7094745635986328,14845
130,car,0.6704514026641846,14524
130,truck,0.6518024802207947,28796
130,car,0.6514145731925964,20146
130,truck,0.6458555459976196,38570
130,car,0.6337780952453613,19033
130,car,0.632387638092041,4588
130,car,0.6007402539253235,17218
130,truck,0.5785462260246277,38293
130,truck,0.5736129879951477,12355
130,car,0.5693746209144592,5932
130,car,0.5687605738639832,38818
130,truck,0.5652304887771606,38881
130,car,0.5404810905456543,7210
130,car,0.5361943244934082,4783
130,car,0.47667941451072693,6032
130,truck,0.4587079584598541,18451
130,truck,0.4561496376991272,20302
130,car,0.4552541673183441,7441
130,truck,0.4472387135028839,12955
130,truck,0.41280362010002136,19069
130,car,0.40403980016708374,3271
130,car,0.3829345107078552,3010
130,truck,0.36293336749076843,3433
130,car,0.35400789976119995,38561
130,car,0.29927322268486023,12274
130,truck,0.2972487509250641,4969
130,car,0.2614882290363312,3244
130,truck,0.25656789541244507,3919
130,car,0.2525118589401245,1450
130,person,0.25160789489746094,1522
131,car,0.8778744339942932,18391
131,car,0.8257919549942017,15139
131,car,0.7301603555679321,17353
131,car,0.6425051093101501,20119
131,car,0.6324320435523987,15067
131,car,0.6225085854530334,5239
131,truck,0.6201997995376587,38683
131,truck,0.6181716322898865,12382
131,car,0.6093665361404419,17281
131,car,0.6014947891235352,38899
131,car,0.5917186737060547,4468
131,car,0.582023561000824,22864
131,car,0.5808340311050415,6514
131,truck,0.5408807396888733,38899
131,car,0.5030418634414673,7213
131,car,0.500455915927887,6023
131,truck,0.4974185824394226,41018
131,truck,0.48346516489982605,20290
131,car,0.47102442383766174,2611
131,truck,0.46765467524528503,18460
131,person,0.4560561776161194,2278
131,truck,0.4504694640636444,12955
131,car,0.4489254355430603,7405
131,car,0.43869778513908386,3100
131,person,0.398650199174881,905
131,truck,0.3799205720424652,3319
131,car,0.3735998570919037,3331
131,truck,0.32963401079177856,23327
131,car,0.3236328065395355,19997
131,bus,0.3185599446296692,4231
131,car,0.3099451959133148,41099
131,car,0.28552064299583435,5248
131,truck,0.2770569920539856,4063
131,truck,0.2516997158527374,5293
132,car,0.8781519532203674,18355
132,car,0.8251854777336121,15130
132,car,0.7283462882041931,17362
132,car,0.6425772309303284,20119
132,car,0.630954384803772,15067
132,car,0.622696042060852,5239
132,truck,0.6203229427337646,38719
132,truck,0.6181392073631287,12373
132,car,0.6126028299331665,17281
132,car,0.6056610345840454,38863
132,car,0.5927758812904358,4468
132,car,0.580204963684082,6514
132,car,0.5794844031333923,22864
132,truck,0.5352602601051331,38899
132,car,0.5048089623451233,7213
132,car,0.5013540983200073,6023
132,truck,0.49624577164649963,41027
132,truck,0.4839203357696533,20290
132,car,0.47309306263923645,2611
132,truck,0.4649204611778259,18478
132,person,0.45775866508483887,2278
132,truck,0.44848737120628357,12955
132,car,0.4408445954322815,3100
132,car,0.43354031443595886,7405
132,person,0.3991313874721527,905
132,truck,0.3841377794742584,3301
132,car,0.37633511424064636,3367
132,truck,0.33497482538223267,23327
132,car,0.32562056183815,19982
132,bus,0.32057854533195496,4231
132,car,0.3096339702606201,41099
132,car,0.2876870334148407,5239
132,truck,0.2786574065685272,4063
132,truck,0.25276097655296326,5293
133,car,0.8995541930198669,17968
133,car,0.8338500261306763,16243
133,car,0.7434812188148499,18220
133,car,0.707344651222229,15697
133,car,0.6580014228820801,20086
133,car,0.6457676291465759,5635
133,car,0.6351818442344666,17317
133,truck,0.6137659549713135,38578
133,car,0.6109250783920288,5776
133,car,0.6004831790924072,3397
133,truck,0.5879472494125366,12373
133,car,0.5714749097824097,38872
133,truck,0.5562517642974854,38890
133,car,0.5398006439208984,3700
133,car,0.5095332264900208,7249
133,car,0.5092448592185974,19940
133,person,0.4912945032119751,1966
133,car,0.48712611198425293,42596
133,car,0.4851576089859009,5978
133,car,0.45642000436782837,2839
133,truck,0.4528244435787201,12982
133,car,0.44825851917266846,7621
133,car,0.42552804946899414,3286
133,truck,0.4238843619823456,20236
133,truck,0.4221091866493225,18403
133,truck,0.4166606068611145,3793
133,truck,0.4061207175254822,42554
133,truck,0.3966660797595978,3448
133,bus,0.3691534101963043,3760
133,car,0.35639360547065735,17497
133,car,0.3495534658432007,20417
133,car,0.3081127405166626,12415
133,truck,0.2810603678226471,3769
133,truck,0.2566055953502655,5713
134,car,0.890486478805542,17203
134,car,0.8528239130973816,17254
134,car,0.8319929242134094,43040
134,car,0.8076518177986145,17047
134,car,0.7973931431770325,15784
134,car,0.6768733859062195,5713
134,car,0.6765676140785217,20128
134,car,0.6363183259963989,17335
134,truck,0.6063508987426758,39424
134,truck,0.5973120927810669,12364
134,car,0.5684388875961304,38899
134,car,0.5541215538978577,3274
134,car,0.5472005605697632,3208
134,car,0.527055561542511,12617
134,car,0.5244858264923096,3373
134,truck,0.523349940776825,38935
134,person,0.5198966860771179,1981
134,car,0.49099934101104736,5951
134,car,0.47565242648124695,7291
134,truck,0.4358818531036377,13072
134,truck,0.4250297546386719,18652
134,truck,0.42481881380081177,4003
134,car,0.4175082743167877,19565
134,car,0.401851087808609,5869
134,car,0.39067625999450684,7459
134,truck,0.3879893124103546,20230
134,car,0.3580052852630615,2929
134,bus,0.34471726417541504,3778
134,car,0.32089415192604065,4807
134,truck,0.3065032958984375,3280
135,car,0.8906934857368469,17203
135,car,0.8521270751953125,17254
135,car,0.8291164636611938,43058
135,car,0.8087382316589355,17215
135,car,0.7998263239860535,15784
135,car,0.6773912310600281,5713
135,car,0.6745012402534485,20113
135,car,0.6320694088935852,17335
135,truck,0.5985584259033203,39415
135,truck,0.5964561104774475,12364
135,car,0.571954607963562,38854
135,car,0.5550457239151001,3274
135,car,0.5449938178062439,3217
135,car,0.5300121903419495,12617
135,truck,0.5246904492378235,38935
135,car,0.5233355760574341,3373
135,person,0.5208097696304321,1981
135,car,0.4944858253002167,5951
135,car,0.4748990833759308,7291
135,car,0.4310624599456787,19493
135,truck,0.43085265159606934,13090
135,truck,0.4245332181453705,4003
135,truck,0.42380067706108093,18643
135,car,0.40256524085998535,5869
135,car,0.3910030722618103,7450
135,truck,0.3899064362049103,20212
135,car,0.35808560252189636,2929
135,bus,0.33720850944519043,3769
135,car,0.3212628960609436,4807
135,truck,0.30762389302253723,3280
136,car,0.846235990524292,17434
136,car,0.8309391140937805,15535
136,car,0.8275840282440186,18004
136,car,0.7785165905952454,43030
136,car,0.6908872723579407,6361
136,car,0.6670476198196411,20137
136,car,0.6323819160461426,15445
136,car,0.6143575310707092,17272
136,car,0.5994109511375427,4090
136,truck,0.5991151332855225,12319
136,truck,0.5862953066825867,38551
136,person,0.5779569149017334,1999
136,car,0.5573919415473938,10226
136,car,0.55036860704422,38872
136,truck,0.527576744556427,38953
136,car,0.47548115253448486,7291
136,car,0.45774781703948975,3280
136,truck,0.45417338609695435,18610
136,car,0.4447520971298218,5960
136,truck,0.4384967088699341,13099
136,truck,0.41515985131263733,20221
136,car,0.41116833686828613,3037
136,car,0.37635180354118347,5599
136,car,0.3725963234901428,4885
136,car,0.3663298487663269,7459
136,truck,0.3593158721923828,4369
136,bus,0.3362535238265991,3451
136,car,0.28636133670806885,2938
136,truck,0.2734539806842804,3406
137,car,0.8230948448181152,15265
137,car,0.8036849498748779,18397
137,car,0.7043812870979309,5884
137,car,0.6884458661079407,20158
137,car,0.6462172269821167,38998
137,car,0.6428612470626831,18163
137,car,0.6322839260101318,39061
137,car,0.6295121312141418,17344
137,truck,0.6027113199234009,12310
137,car,0.5844747424125671,5152
137,truck,0.5498241186141968,38518
137,car,0.5072258710861206,2794
137,car,0.47662925720214844,7246
137,car,0.47499072551727295,5960
137,truck,0.4636872708797455,15796
137,truck,0.45969000458717346,18673
137,person,0.44069772958755493,1996
137,car,0.43690356612205505,15778
137,car,0.4133731722831726,3325
137,truck,0.41188737750053406,20239
137,truck,0.409432590007782,12856
137,car,0.3999366760253906,7477
137,truck,0.39371317625045776,38935
137,car,0.3340257406234741,5605
137,person,0.32875221967697144,3313
137,car,0.31417739391326904,12274
137,car,0.31348708271980286,20309
137,car,0.2870683968067169,1387
137,car,0.2812313735485077,2812
137,bus,0.26905134320259094,3238
137,car,0.26543375849723816,3022
137,truck,0.2601862847805023,4489
138,car,0.822422444820404,15265
138,car,0.803180456161499,18397
138,car,0.7040027379989624,5884
138,car,0.6878556609153748,20158
138,car,0.6512335538864136,38998
138,car,0.6422978639602661,18163
138,car,0.6346235871315002,39061
138,car,0.6306918859481812,17308
138,truck,0.6049132347106934,12319
138,car,0.5834661722183228,5143
138,truck,0.5486915707588196,38500
138,car,0.5066770911216736,2794
138,car,0.4761912524700165,7246
138,car,0.47213396430015564,5960
138,truck,0.4601729214191437,15796
138,truck,0.4554639756679535,18673
138,car,0.4409658908843994,15778
138,person,0.43935829401016235,1945
138,truck,0.41406160593032837,20239
138,car,0.4130708575248718,3325
138,truck,0.40852582454681396,12856
138,car,0.4003838300704956,7477
138,truck,0.3901473581790924,38935
138,car,0.33367642760276794,5605
138,person,0.33238816261291504,3181
138,car,0.31198933720588684,12274
138,car,0.3116748631000519,20327
138,car,0.28627049922943115,1387
138,car,0.28108394145965576,2812
138,bus,0.2693691551685333,3238
138,car,0.26488885283470154,3022
138,truck,0.25971153378486633,4489
139,car,0.8864341378211975,14797
139,car,0.8531763553619385,19819
139,car,0.7497966289520264,38077
139,car,0.6912046074867249,20128
139,car,0.6643356084823608,17290
139,car,0.655031681060791,19183
139,car,0.6161602139472961,38737
139,truck,0.6143274903297424,12328
139,car,0.5726972222328186,6334
139,car,0.5573115944862366,13735
139,truck,0.5368860363960266,38542
139,car,0.5182226300239563,7273
139,car,0.4744338393211365,5969
139,car,0.47442397475242615,3742
139,truck,0.45365431904792786,18682
139,truck,0.4274081587791443,38818
139,car,0.4189409613609314,7504
139,car,0.41603347659111023,4594
139,truck,0.40603598952293396,20194
139,bus,0.39740774035453796,2452
139,truck,0.3873032033443451,12865
139,car,0.38208892941474915,3058
139,car,0.3678622841835022,38557
139,person,0.35380685329437256,1936
139,car,0.33186349272727966,12310
139,truck,0.32409390807151794,13753
139,truck,0.3213302493095398,3712
139,car,0.32012781500816345,6232
139,truck,0.30505773425102234,3505
139,car,0.3004278242588043,20603
139,car,0.2952969968318939,3217
139,car,0.29088354110717773,1507
139,truck,0.2766714096069336,6322
139,person,0.2606384754180908,4838
140,car,0.8750000596046448,22087
140,car,0.8452473282814026,14044
140,car,0.7360451817512512,33421
140,car,0.7281355857849121,18988
140,car,0.6643338203430176,17380
140,car,0.6556133031845093,20128
140,car,0.6473291516304016,38701
140,car,0.6407325863838196,13402
140,truck,0.6232276558876038,12337
140,car,0.617325484752655,5716
140,car,0.6108805537223816,3343
140,car,0.5604575276374817,11465
140,truck,0.5357810258865356,38401
140,car,0.5188745856285095,7282
140,car,0.5043113827705383,4360
140,truck,0.49305054545402527,26996
140,truck,0.48329102993011475,38701
140,person,0.4817703366279602,2128
140,truck,0.4596948027610779,18736
140,truck,0.43976011872291565,20158
140,car,0.38621118664741516,7486
140,truck,0.38292038440704346,13108
140,car,0.37996482849121094,38416
140,car,0.37916573882102966,3493
140,truck,0.34324029088020325,4174
140,car,0.3366047143936157,5773
140,truck,0.3022119700908661,5509
140,bus,0.28761231899261475,2539
141,car,0.8826892375946045,22222
141,car,0.8642903566360474,14206
141,car,0.7985727190971375,33259
141,car,0.7493918538093567,38620
141,car,0.7355785965919495,19102
141,car,0.6706525683403015,20119
141,car,0.6703764200210571,16903
141,car,0.6650221943855286,13468
141,truck,0.6299319267272949,12301
141,car,0.6165827512741089,3304
141,car,0.6138799786567688,6370
141,car,0.5606933236122131,11492
141,truck,0.5287171006202698,26252
141,car,0.5271488428115845,7273
141,truck,0.5202714204788208,38257
141,clock,0.49423748254776,6031
141,person,0.4895285367965698,1999
141,car,0.47635337710380554,4354
141,truck,0.4760761260986328,18619
141,truck,0.43869829177856445,12928
141,car,0.4157266914844513,7549
141,truck,0.4058721661567688,20176
141,car,0.40462014079093933,38326
141,truck,0.395550012588501,38620
141,car,0.3603914976119995,3484
141,car,0.328487753868103,6262
141,truck,0.2826845645904541,5863
141,person,0.26722252368927,1606
142,car,0.8634473085403442,22117
142,car,0.8430405855178833,13282
142,car,0.7649749517440796,32545
142,car,0.7646743059158325,38719
142,car,0.7214220762252808,14545
142,car,0.7022874355316162,20791
142,car,0.6913838386535645,17065
142,car,0.6710730791091919,20101
142,truck,0.6057205200195312,12274
142,car,0.5982658267021179,5671
142,car,0.5928798317909241,14411
142,car,0.5665076971054077,3289
142,person,0.5449984669685364,2368
142,car,0.5234533548355103,4504
142,clock,0.49512431025505066,6049
142,truck,0.4799143373966217,38194
142,truck,0.4689439535140991,26102
142,car,0.46398013830184937,7282
142,truck,0.4601856470108032,18583
142,car,0.45896780490875244,2092
142,truck,0.44874176383018494,12955
142,car,0.40062016248703003,7504
142,truck,0.3948729336261749,20191
142,car,0.3895876109600067,3520
142,car,0.3870336413383484,38191
142,truck,0.3748113214969635,38647
142,person,0.29911258816719055,1606
142,car,0.2691483199596405,5668
143,car,0.8809332251548767,24385
143,car,0.8219740986824036,12601
143,car,0.8052927255630493,30415
143,car,0.723757803440094,21670
143,car,0.7226254940032959,12991
143,car,0.7053037285804749,17110
143,car,0.6936171054840088,20789
143,car,0.674142062664032,5284
143,car,0.6697894334793091,38764
143,car,0.6688342690467834,20164
143,truck,0.5890588760375977,12280
143,person,0.5582214593887329,2485
143,car,0.5368832349777222,7327
143,car,0.5176087617874146,2341
143,car,0.4895241856575012,3409
143,clock,0.46625077724456787,5887
143,truck,0.4560737907886505,37951
143,car,0.4411669075489044,5401
143,car,0.4407612979412079,37996
143,truck,0.44037333130836487,38638
143,car,0.43058937788009644,7495
143,truck,0.4248062074184418,12982
143,truck,0.4091748893260956,17902
143,car,0.4026673436164856,6130
143,truck,0.3988839387893677,3124
143,car,0.389812171459198,25748
143,car,0.3817805349826813,17680
143,truck,0.37905585765838623,20227
143,car,0.3701583743095398,2794
143,person,0.32054975628852844,1606
143,person,0.3194980025291443,5251
143,car,0.2879725694656372,12238
143,car,0.28547602891921997,1838
143,car,0.26288965344429016,5798
144,car,0.8814951777458191,24403
144,car,0.8203109502792358,12601
144,car,0.804650604724884,30400
144,car,0.7247118353843689,12982
144,car,0.7234781384468079,21670
144,car,0.7039573788642883,17119
144,car,0.6940652132034302,20825
144,car,0.676584780216217,38800
144,car,0.6750365495681763,20155
144,car,0.6740120649337769,5284
144,truck,0.5928351879119873,12256
144,person,0.5666994452476501,2689
144,car,0.5379080176353455,7318
144,clock,0.5273294448852539,5869
144,car,0.517855703830719,2341
144,car,0.4862115681171417,3409
144,truck,0.46091917157173157,37960
144,car,0.44920581579208374,5410
144,car,0.4393523037433624,7504
144,truck,0.4327529966831207,38575
144,car,0.4302232265472412,37996
144,truck,0.4224873483181,13018
144,car,0.40483415126800537,6130
144,truck,0.40342336893081665,17752
144,car,0.39596161246299744,25775
144,truck,0.39476293325424194,3124
144,car,0.3883388936519623,17644
144,car,0.3720649778842926,2794
144,person,0.32570868730545044,5260
144,person,0.32299113273620605,1606
144,car,0.28972840309143066,12238
144,car,0.287715345621109,1642
144,car,0.255275160074234,5798
145,car,0.8804472088813782,25045
145,car,0.8295310735702515,12520
145,car,0.8065984845161438,27691
145,car,0.7580842971801758,22057
145,car,0.742622435092926,38710
145,car,0.7171368598937988,24034
145,car,0.7088413238525391,5443
145,car,0.7056035995483398,20191
145,car,0.6880956292152405,11992
145,car,0.6837162971496582,16825
145,car,0.6011093258857727,3322
145,truck,0.5927867293357849,12346
145,car,0.5774631500244141,7081
145,car,0.5713164210319519,37807
145,person,0.5681459307670593,2797
145,car,0.5152631998062134,2953
145,car,0.4612336754798889,3802
145,truck,0.435333251953125,12982
145,car,0.43409642577171326,7468
145,truck,0.43197202682495117,18001
145,car,0.4171106815338135,4858
145,person,0.41245943307876587,5350
145,car,0.40410488843917847,25604
145,person,0.38931962847709656,1702
145,truck,0.38775119185447693,37933
145,clock,0.38362380862236023,5878
145,car,0.36157894134521484,17779
145,truck,0.3612499237060547,38548
145,car,0.34693053364753723,2968
145,car,0.3332114517688751,6613
145,car,0.3153224289417267,12310
145,car,0.2804053723812103,5798
145,car,0.2718188464641571,1567
145,car,0.2588579058647156,1276
146,car,0.8933149576187134,27001
146,car,0.830785870552063,23056
146,car,0.8139652609825134,10816
146,car,0.8056225776672363,30989
146,car,0.7881753444671631,38368
146,car,0.7828206419944763,25639
146,car,0.7418620586395264,11464
146,car,0.7125536799430847,20164
146,car,0.635270893573761,6193
146,car,0.6143811941146851,37843
146,car,0.6095360517501831,16798
146,truck,0.6051433682441711,12292
146,person,0.5033393502235413,2833
146,car,0.501628577709198,7018
146,car,0.4472596049308777,4351
146,truck,0.439840167760849,18097
146,car,0.439293771982193,25985
146,car,0.4350408911705017,2908
146,car,0.4319983124732971,2671
146,truck,0.42234253883361816,13153
146,truck,0.3747110366821289,38008
146,bus,0.3705405592918396,2440
146,person,0.3704955577850342,1693
146,truck,0.3513212502002716,25895
146,car,0.3284144997596741,4045
146,car,0.3047998547554016,7576
146,car,0.29707056283950806,5821
146,truck,0.2856161892414093,4090
146,person,0.2823266386985779,5077
146,car,0.2736891210079193,1933
146,car,0.25285017490386963,1108
147,car,0.8931797742843628,26992
147,car,0.8347190022468567,23047
147,car,0.813151478767395,10816
147,car,0.8052825331687927,31016
147,car,0.7936875820159912,38359
147,car,0.7891106605529785,25666
147,car,0.7466810941696167,11464
147,car,0.7161766290664673,20191
147,car,0.6348259449005127,6193
147,car,0.6189303994178772,37798
147,car,0.6124762296676636,16780
147,truck,0.6051145792007446,12328
147,person,0.5222477316856384,2833
147,car,0.5031639337539673,7018
147,car,0.4479135274887085,4342
147,car,0.4356132447719574,2908
147,car,0.43137606978416443,2671
147,car,0.4277857840061188,25877
147,truck,0.4259851276874542,18106
147,truck,0.4227910339832306,13144
147,bus,0.37204787135124207,2440
147,person,0.36737754940986633,1684
147,truck,0.3536137342453003,25859
147,car,0.34827715158462524,17821
147,car,0.3267061412334442,4045
147,car,0.3025660812854767,7567
147,car,0.2974795997142792,5821
147,person,0.28356656432151794,5077
147,truck,0.28304511308670044,4090
147,car,0.27746516466140747,1933
147,car,0.2582898736000061,1108
148,car,0.8948036432266235,28342
148,car,0.8511619567871094,25063
148,car,0.801127016544342,34511
148,car,0.7981011271476746,38494
148,car,0.7971847653388977,10774
148,car,0.7593002319335938,25978
148,car,0.7257824540138245,10897
148,car,0.6926899552345276,21163
148,truck,0.6305881142616272,12301
148,car,0.6156160235404968,16906
148,car,0.6046813130378723,37789
148,car,0.5971369743347168,5593
148,car,0.4813576340675354,6973
148,car,0.46299928426742554,2797
148,car,0.46188777685165405,4531
148,truck,0.44863271713256836,13207
148,truck,0.439862459897995,18187
148,person,0.4064193069934845,4951
148,car,0.4044516086578369,2731
148,bus,0.40017738938331604,2674
148,truck,0.3874744772911072,38197
148,person,0.36166322231292725,1615
148,car,0.3415467441082001,1903
148,car,0.33301472663879395,5834
148,car,0.31382185220718384,25295
148,car,0.29283273220062256,4237
148,car,0.2909823954105377,2728
148,car,0.2895440459251404,7612
148,car,0.2742607593536377,5137
148,car,0.2686518728733063,1066
148,truck,0.26466384530067444,25421
148,person,0.25629740953445435,2593
149,car,0.9024205207824707,23296
149,car,0.8816794753074646,30913
149,car,0.8254810571670532,10519
149,car,0.8191562294960022,39086
149,car,0.7891528010368347,25813
149,car,0.7413619160652161,37570
149,car,0.7103204131126404,10378
149,car,0.7079945206642151,21160
149,car,0.6823193430900574,37762
149,person,0.6713904142379761,2869
149,car,0.6525365710258484,6202
149,car,0.6308282017707825,16906
149,truck,0.6260688900947571,12139
149,car,0.48077425360679626,4333
149,car,0.46785804629325867,7009
149,person,0.4613342583179474,5041
149,truck,0.4229412376880646,18913
149,person,0.413953572511673,1573
149,truck,0.3913366496562958,37228
149,car,0.3877675533294678,2770
149,truck,0.3757067918777466,13117
149,car,0.36451804637908936,7057
149,car,0.35823988914489746,2599
149,car,0.3519843518733978,17920
149,car,0.3372158110141754,4081
149,bus,0.3335539400577545,2761
149,car,0.31980833411216736,5762
149,car,0.29130658507347107,7495
149,car,0.28956136107444763,12937
149,car,0.2859382927417755,2149
149,car,0.2840496897697449,2872
149,car,0.28152209520339966,1765
149,car,0.27696362137794495,24860
149,truck,0.2761740982532501,25208
150,car,0.9023412466049194,23296
150,car,0.881690502166748,30913
150,car,0.825670063495636,10519
150,car,0.8190446496009827,39086
150,car,0.7890393733978271,25813
150,car,0.7413548231124878,37570
150,car,0.7103132009506226,10369
150,car,0.7080228328704834,21160
150,car,0.6773325204849243,37762
150,person,0.6719070672988892,2869
150,car,0.6527402400970459,6202
150,car,0.6304980516433716,16906
150,truck,0.6264774799346924,12139
150,car,0.4807368516921997,4333
150,car,0.46832534670829773,7009
150,person,0.4617578983306885,5041
150,truck,0.4260440468788147,18913
150,person,0.4173227548599243,1573
150,truck,0.3912317752838135,37228
150,car,0.3886065185070038,2770
150,truck,0.3757963180541992,13117
150,car,0.3650902509689331,7057
150,car,0.358660489320755,2599
150,car,0.3495638370513916,17920
150,car,0.338041216135025,4081
150,bus,0.33089715242385864,2761
150,car,0.31695279479026794,5762
150,car,0.2912081480026245,7495
150,car,0.2895774245262146,12937
150,car,0.2861874997615814,2149
150,car,0.28466448187828064,2872
150,car,0.2819802463054657,1765
150,car,0.2811957895755768,24869
150,truck,0.27874481678009033,25226
151,car,0.894882321357727,22180
151,car,0.8623093962669373,32167
151,car,0.8551103472709656,41150
151,car,0.8168535232543945,9892
151,car,0.7854849696159363,26554
151,car,0.753228485584259,37342
151,car,0.7096908092498779,21133
151,car,0.6915367841720581,11152
151,car,0.6698950529098511,37744
151,person,0.6292710900306702,2788
151,car,0.6223361492156982,16915
151,truck,0.6132909059524536,12184
151,car,0.613000214099884,6613
151,truck,0.44446808099746704,37072
151,car,0.4429177939891815,7000
151,person,0.44262048602104187,4792
151,person,0.42958757281303406,1573
151,car,0.42506325244903564,4747
151,truck,0.42179155349731445,18904
151,car,0.42063215374946594,2749
151,car,0.4159829914569855,2173
151,car,0.40455856919288635,7303
151,truck,0.3859279155731201,25109
151,truck,0.38302502036094666,13018
151,car,0.34092405438423157,17920
151,car,0.3189907371997833,4246
151,car,0.29028961062431335,7495
151,car,0.286664217710495,25085
151,bus,0.284904807806015,2869
151,car,0.2754592299461365,2113
151,car,0.2743588089942932,2854
151,car,0.2720734179019928,1267
151,car,0.2585311830043793,1810
152,car,0.8817690014839172,21265
152,car,0.8509617447853088,36340
152,car,0.8350311517715454,46550
152,car,0.7526894211769104,8827
152,person,0.7225987315177917,3058
152,car,0.706151008605957,9631
152,car,0.6968303322792053,20470
152,car,0.6628251671791077,35677
152,car,0.6561898589134216,28888
152,car,0.6139066815376282,17344
152,truck,0.6030587553977966,11638
152,car,0.5871850252151489,37915
152,car,0.5068072080612183,7015
152,car,0.4904157221317291,7609
152,truck,0.4758516550064087,18706
152,person,0.45860719680786133,1684
152,car,0.4503745436668396,4615
152,car,0.44385313987731934,2392
152,truck,0.44082075357437134,26336
152,truck,0.4366239607334137,12865
152,truck,0.435175359249115,35614
152,car,0.4078286588191986,2686
152,car,0.357937753200531,3895
152,truck,0.3510824143886566,3430
152,car,0.34208911657333374,7468
152,car,0.3283737897872925,1855
152,person,0.29290398955345154,4747
152,car,0.28192853927612305,7594
152,car,0.2792888283729553,11638
152,car,0.2686135768890381,2590
152,car,0.26705196499824524,3625
152,truck,0.25564318895339966,7537
153,car,0.8812075853347778,21265
153,car,0.8516181111335754,36340
153,car,0.8341802954673767,46577
153,car,0.7504464983940125,8827
153,person,0.7243161201477051,3049
153,car,0.7031579613685608,9631
153,car,0.6984823942184448,20497
153,car,0.6633601188659668,35686
153,car,0.6565160751342773,28888
153,car,0.6108092665672302,17362
153,truck,0.5962357521057129,11638
153,car,0.584527313709259,37924
153,car,0.5055619478225708,7015
153,car,0.49092188477516174,7609
153,truck,0.47194865345954895,18691
153,truck,0.46851587295532227,26300
153,person,0.4645409882068634,1693
153,car,0.448973685503006,4615
153,car,0.4427156448364258,2410
153,truck,0.4347187280654907,35650
153,truck,0.429708331823349,12874
153,car,0.40988054871559143,2686
153,car,0.35200101137161255,3886
153,truck,0.3482019007205963,3430
153,car,0.33750149607658386,7468
153,car,0.32462042570114136,1855
153,person,0.28912636637687683,4801
153,car,0.28339526057243347,11638
153,car,0.28012338280677795,7585
153,car,0.27035588026046753,2581
153,truck,0.25790268182754517,7537
153,car,0.2548682391643524,3332
154,car,0.8613206148147583,20512
154,car,0.837559163570404,37702
154,car,0.8113336563110352,9811
154,car,0.7959117293357849,48446
154,car,0.7668240666389465,29386
154,car,0.7177540063858032,20443
154,car,0.7018107175827026,9760
154,person,0.696664571762085,3175
154,car,0.6489207744598389,35209
154,car,0.6150298118591309,37879
154,truck,0.5722857117652893,11638
154,car,0.569571316242218,17362
154,car,0.5498102903366089,3349
154,car,0.4945181906223297,7465
154,car,0.486441969871521,2806
154,person,0.48274555802345276,3877
154,truck,0.46853670477867126,18715
154,person,0.45131441950798035,1606
154,car,0.4414404332637787,6919
154,truck,0.427565336227417,12856
154,truck,0.41996753215789795,3304
154,truck,0.39619210362434387,35110
154,truck,0.3746465742588043,37915
154,truck,0.3661281168460846,26429
154,car,0.35645827651023865,4777
154,car,0.3391554057598114,2695
154,car,0.3221456706523895,1996
154,car,0.3148753046989441,5798
154,car,0.3062724769115448,7402
154,car,0.29602837562561035,11665
154,car,0.2745581567287445,7567
154,car,0.2743918299674988,2215
154,umbrella,0.25063037872314453,3175
155,car,0.896477997303009,41896
155,car,0.7975062727928162,7540
155,car,0.7599744200706482,31657
155,person,0.7474610805511475,3454
155,car,0.7410221695899963,20452
155,car,0.7111378908157349,19417
155,car,0.6760343313217163,51611
155,car,0.6730948686599731,34327
155,car,0.6536300182342529,9376
155,umbrella,0.6388680338859558,3013
155,car,0.6372299194335938,37717
155,car,0.6313083171844482,7408
155,car,0.6090881824493408,17308
155,truck,0.5335774421691895,11656
155,person,0.5090973973274231,4705
155,car,0.5067680478096008,7156
155,person,0.49607226252555847,3223
155,car,0.44608551263809204,7660
155,truck,0.44177451729774475,18103
155,car,0.4386712610721588,2806
155,person,0.4348840117454529,1657
155,car,0.43184223771095276,5026
155,truck,0.3902559280395508,12892
155,car,0.3718903362751007,3712
155,truck,0.3563768267631531,26549
155,car,0.3114367127418518,11692
155,car,0.3010418117046356,5762
155,truck,0.2984267473220825,51989
155,car,0.27426356077194214,3394
155,truck,0.27055853605270386,3886
155,car,0.26704174280166626,7603
156,car,0.8968361616134644,41905
156,car,0.7970224022865295,7549
156,car,0.7608072757720947,31702
156,person,0.7482686042785645,3454
156,car,0.7425752282142639,20443
156,car,0.7141674757003784,19417
156,car,0.6842580437660217,34327
156,car,0.6778814196586609,51602
156,car,0.6567506194114685,9376
156,umbrella,0.6482183337211609,3013
156,car,0.6408308148384094,37708
156,car,0.6305006146430969,7408
156,car,0.6000229120254517,17272
156,truck,0.5411255359649658,11761
156,person,0.5091162323951721,4705
156,car,0.5062748193740845,7156
156,person,0.4968582093715668,3214
156,car,0.4447762966156006,7660
156,car,0.44312700629234314,2806
156,truck,0.4384942948818207,18013
156,person,0.43711066246032715,1657
156,car,0.4302803575992584,5026
156,truck,0.3884375989437103,13027
156,car,0.36817508935928345,3712
156,truck,0.34726187586784363,26693
156,car,0.3114309310913086,11743
156,truck,0.3007069230079651,51998
156,car,0.29795604944229126,5762
156,car,0.2771300971508026,3394
156,truck,0.2706546187400818,3886
156,car,0.26743441820144653,7603
157,car,0.8832962512969971,44365
157,umbrella,0.7832582592964172,2995
157,car,0.7518898248672485,53681
157,car,0.7417157888412476,20389
157,person,0.7293839454650879,3400
157,car,0.7276488542556763,17941
157,car,0.667504072189331,31759
157,car,0.6590643525123596,7990
157,car,0.6413816809654236,33832
157,person,0.6302757263183594,3556
157,car,0.6099956631660461,37744
157,car,0.5932424068450928,9481
157,car,0.5687093138694763,7210
157,car,0.5539367198944092,17299
157,person,0.5256320834159851,5005
157,car,0.5088515877723694,6847
157,car,0.48411324620246887,8287
157,truck,0.4639555513858795,11905
157,truck,0.4459019899368286,18685
157,person,0.43914300203323364,1615
157,car,0.3977128267288208,2842
157,car,0.39054185152053833,2812
157,truck,0.3903440535068512,13036
157,car,0.38379621505737305,4030
157,car,0.36772245168685913,3931
157,truck,0.34702789783477783,37771
157,car,0.3433639705181122,5762
157,truck,0.3401249051094055,27125
157,car,0.33216649293899536,11968
157,truck,0.31141725182533264,53726
157,car,0.25185540318489075,3653
158,car,0.8952237963676453,48796
158,car,0.8568381071090698,17368
158,car,0.8308364748954773,34459
158,umbrella,0.7989803552627563,2740
158,person,0.7551521062850952,3211
158,car,0.7317068576812744,20290
158,car,0.7104025483131409,8389
158,person,0.6998300552368164,3304
158,car,0.6568925380706787,55883
158,car,0.6523874402046204,33049
158,car,0.6513460278511047,8314
158,car,0.6461676359176636,9100
158,car,0.6103963255882263,7849
158,car,0.5703455209732056,37807
158,car,0.5606600642204285,17290
158,car,0.5537505149841309,6763
158,car,0.507445216178894,3796
158,truck,0.5025911331176758,11806
158,truck,0.4693959057331085,18811
158,car,0.44958871603012085,2788
158,person,0.44786593317985535,1615
158,truck,0.4197253882884979,13027
158,truck,0.37981948256492615,56834
158,car,0.3733586072921753,3310
158,truck,0.3551064133644104,27899
158,car,0.34909671545028687,2884
158,person,0.3475396931171417,4297
158,truck,0.3289240896701813,38222
158,car,0.3264765441417694,5744
158,truck,0.30898433923721313,3295
158,car,0.30242154002189636,11788
158,car,0.2736893892288208,3680
158,car,0.2698211073875427,7585
159,car,0.8961400985717773,48814
159,car,0.8574685454368591,17350
159,car,0.8292195200920105,34441
159,umbrella,0.7992463111877441,2740
159,person,0.7559027671813965,3211
159,car,0.7275015115737915,20281
159,car,0.7075510025024414,8380
159,person,0.703019917011261,3304
159,car,0.6502790451049805,8314
159,car,0.6493098139762878,55892
159,car,0.6481103897094727,33049
159,car,0.6474435329437256,9100
159,car,0.6085646748542786,7858
159,car,0.5620021224021912,37807
159,car,0.5523451566696167,17281
159,car,0.5468747615814209,6793
159,truck,0.5194911956787109,11824
159,car,0.5066384077072144,3796
159,truck,0.47350752353668213,18784
159,person,0.44863972067832947,1615
159,car,0.4482779800891876,2788
159,truck,0.42065367102622986,12982
159,truck,0.39100614190101624,56834
159,car,0.36926472187042236,3310
159,car,0.36274728178977966,5744
159,person,0.3516845703125,3670
159,car,0.3480142056941986,2884
159,truck,0.3463785648345947,38273
159,truck,0.3205796480178833,27953
159,truck,0.3115270137786865,3295
159,car,0.30210423469543457,11761
159,car,0.27372175455093384,3671
159,car,0.25677958130836487,7603
160,car,0.8608085513114929,48875
160,car,0.8196687698364258,15898
160,car,0.7891836762428284,7636
160,car,0.7857379913330078,36604
160,person,0.7577275633811951,3511
160,car,0.7200195789337158,57275
160,car,0.684706449508667,20227
160,car,0.6641165614128113,2329
160,car,0.6392495036125183,8146
160,car,0.6229426264762878,32572
160,car,0.614251971244812,8614
160,car,0.5693373084068298,6745
160,car,0.5549388527870178,37843
160,truck,0.5320504307746887,11860
160,car,0.5288882255554199,9469
160,truck,0.4951116740703583,18757
160,car,0.48085832595825195,4219
160,car,0.47205787897109985,17155
160,truck,0.463981956243515,28841
160,umbrella,0.4457027018070221,3094
160,truck,0.4361337125301361,12982
160,person,0.427051305770874,1597
160,car,0.40154463052749634,2056
160,truck,0.3576697111129761,38359
160,car,0.3279567062854767,3716
160,car,0.29746097326278687,11824
160,car,0.27399030327796936,5735
161,car,0.8785499930381775,46115
161,person,0.7762060165405273,4036
161,car,0.7736768126487732,8875
161,car,0.7479335069656372,14989
161,car,0.6951587796211243,20146
161,car,0.6675818562507629,8701
161,car,0.6419867277145386,39964
161,car,0.6248486638069153,2251
161,car,0.6243945360183716,8854
161,car,0.6072782874107361,37852
161,car,0.5800274014472961,6682
161,truck,0.5660692453384399,30872
161,car,0.5638979077339172,8443
161,car,0.5607902407646179,32329
161,car,0.5509173274040222,58685
161,truck,0.5095762014389038,18652
161,car,0.48856180906295776,17086
161,car,0.4798489511013031,4327
161,person,0.46709001064300537,1633
161,truck,0.4518449902534485,11932
161,truck,0.4396761655807495,32293
161,car,0.43369191884994507,24839
161,truck,0.40990161895751953,13036
161,car,0.3813176155090332,2239
161,car,0.3600660264492035,11959
161,truck,0.31559717655181885,37951
161,person,0.2908473014831543,2137
161,car,0.2863415777683258,3725
162,car,0.8800340890884399,46124
162,person,0.775965690612793,4018
162,car,0.7745262980461121,8875
162,car,0.7484654188156128,14989
162,car,0.690345287322998,20200
162,car,0.6670260429382324,8701
162,car,0.6430728435516357,39955
162,car,0.6282153725624084,8854
162,car,0.6274250745773315,2251
162,car,0.6138951182365417,37834
162,car,0.5867811441421509,6682
162,car,0.5717935562133789,8443
162,car,0.5579352378845215,32284
162,car,0.5542243719100952,58658
162,truck,0.5307868123054504,30845
162,truck,0.5176050662994385,18697
162,car,0.49003711342811584,17041
162,car,0.48602789640426636,3928
162,person,0.46910685300827026,1633
162,truck,0.4553010165691376,11932
162,truck,0.4419012665748596,32275
162,car,0.4368743598461151,24791
162,truck,0.414876788854599,12982
162,car,0.3857317268848419,2275
162,car,0.3661380410194397,11959
162,person,0.2945939302444458,2146
162,car,0.2773433029651642,3716
163,car,0.8334853053092957,46427
163,car,0.7699921131134033,7861
163,car,0.7692920565605164,15265
163,person,0.7578948736190796,3901
163,car,0.7048364281654358,20209
163,car,0.6593389511108398,9175
163,car,0.6301804780960083,40774
163,car,0.6219165921211243,8425
163,car,0.6182499527931213,6571
163,car,0.5935361385345459,31397
163,car,0.5859562158584595,37681
163,car,0.5798096656799316,32239
163,car,0.5439262986183167,60467
163,car,0.5392111539840698,2860
163,car,0.537922203540802,8431
163,truck,0.5159888863563538,18856
163,car,0.510104238986969,3769
163,car,0.4690893292427063,17014
163,person,0.4673725366592407,1633
163,truck,0.4613647758960724,30737
163,truck,0.4203883111476898,12991
163,truck,0.41151684522628784,11824
163,truck,0.38339489698410034,32095
163,car,0.374850869178772,11824
163,umbrella,0.36552152037620544,3361
163,truck,0.35617077350616455,37906
163,car,0.31358277797698975,2239
163,car,0.31192752718925476,5735
163,person,0.27853232622146606,2404
163,car,0.27847033739089966,3707
164,car,0.78175288438797,43388
164,car,0.746196985244751,9874
164,car,0.7433805465698242,14125
164,car,0.7387397885322571,7681
164,car,0.7374466061592102,20200
164,person,0.735420286655426,3427
164,car,0.6540610194206238,44686
164,car,0.6518032550811768,32194
164,car,0.6304683685302734,6568
164,car,0.6285760998725891,9370
164,truck,0.5909149050712585,40316
164,umbrella,0.5783090591430664,3352
164,car,0.5601427555084229,37699
164,car,0.5469300150871277,16987
164,car,0.5426072478294373,2857
164,car,0.5343635678291321,4180
164,truck,0.4790876507759094,18892
164,person,0.46871671080589294,1633
164,car,0.46331608295440674,5735
164,car,0.4554072618484497,58364
164,truck,0.43500930070877075,13018
164,car,0.43188437819480896,11734
164,person,0.37546005845069885,3037
164,truck,0.3669549226760864,11761
164,person,0.3618181645870209,1942
164,truck,0.3522641658782959,38005
164,car,0.3071628510951996,7900
164,car,0.3045356869697571,2194
164,car,0.2885688543319702,1423
164,car,0.2729170322418213,4016
164,truck,0.2666221857070923,57992
165,car,0.7820914387702942,43379
165,car,0.745867908000946,9874
165,car,0.7427191734313965,14125
165,car,0.737226665019989,20209
165,car,0.7371490001678467,7681
165,person,0.7348318696022034,3427
165,car,0.6556310653686523,44686
165,car,0.6537272930145264,32194
165,car,0.6297522783279419,6568
165,car,0.6289786696434021,9370
165,truck,0.5909677743911743,40316
165,umbrella,0.5779221057891846,3352
165,car,0.5641153454780579,37708
165,car,0.5456644296646118,2857
165,car,0.5446260571479797,16969
165,car,0.5345416069030762,4180
165,truck,0.47874051332473755,18901
165,person,0.46723780035972595,1633
165,car,0.46662795543670654,5735
165,car,0.4568478465080261,58382
165,truck,0.4350847005844116,13018
165,car,0.43264368176460266,11674
165,person,0.3816851079463959,3037
165,truck,0.3659694194793701,11761
165,person,0.3616698980331421,1942
165,truck,0.34823623299598694,38023
165,car,0.3058779835700989,7900
165,car,0.3038288354873657,2194
165,car,0.28927382826805115,1423
165,car,0.2714104652404785,4025
165,truck,0.2665036618709564,58034
165,person,0.25433453917503357,2596
166,car,0.8683494329452515,41570
166,car,0.7916126847267151,15247
166,car,0.7168747782707214,7117
166,car,0.711715042591095,20233
166,car,0.6985876560211182,32434
166,umbrella,0.6654508113861084,3121
166,car,0.6637204885482788,7855
166,person,0.6455134749412537,2624
166,car,0.6383177042007446,44969
166,car,0.5709454417228699,37789
166,car,0.5690843462944031,6472
166,car,0.5623981952667236,55789
166,car,0.5581099390983582,2989
166,car,0.5470996499061584,16873
166,car,0.5316256284713745,9463
166,car,0.5056833624839783,1705
166,truck,0.46586936712265015,12964
166,car,0.4636034667491913,4447
166,truck,0.4563630521297455,18874
166,car,0.4416055381298065,5762
166,car,0.42768797278404236,7627
166,car,0.4173022508621216,11734
166,truck,0.40908336639404297,11770
166,person,0.40696147084236145,1633
166,person,0.3736315965652466,1669
166,truck,0.3335471451282501,38041
166,person,0.3186165392398834,3148
166,car,0.3068412244319916,3838
166,truck,0.30188465118408203,43754
166,car,0.29822584986686707,4070
166,car,0.2820771038532257,1387
166,truck,0.26955530047416687,27929
167,car,0.8327300548553467,45710
167,car,0.8174704313278198,37841
167,car,0.8137569427490234,12943
167,car,0.8136937618255615,9700
167,car,0.8108382225036621,6919
167,car,0.7655790448188782,20236
167,umbrella,0.7418543100357056,3376
167,car,0.7231085896492004,32527
167,car,0.7088211178779602,9412
167,person,0.6914510726928711,2422
167,car,0.6365165710449219,16951
167,car,0.6334272623062134,37987
167,truck,0.6025295853614807,62135
167,car,0.5971366763114929,6409
167,car,0.5494157671928406,52057
167,car,0.5465138554573059,6703
167,car,0.5316296219825745,3844
167,truck,0.5278860330581665,13000
167,car,0.5180197358131409,11833
167,person,0.49368032813072205,1663
167,person,0.48959407210350037,3034
167,car,0.45538783073425293,2521
167,car,0.4427724778652191,5735
167,car,0.40712934732437134,2155
167,truck,0.40491634607315063,18157
167,person,0.35103878378868103,1546
167,car,0.34854137897491455,17782
167,motorcycle,0.3298836052417755,1735
167,truck,0.324368953704834,11992
167,person,0.30558398365974426,3718
167,car,0.30039164423942566,7567
167,car,0.29332390427589417,3788
168,car,0.8337954878807068,45719
168,car,0.8187918663024902,37850
168,car,0.816167414188385,12934
168,car,0.8146346807479858,9700
168,car,0.8121492266654968,6919
168,car,0.7708114385604858,20245
168,umbrella,0.7328490614891052,3340
168,car,0.7235978841781616,32518
168,car,0.7086737751960754,9403
168,person,0.6922808885574341,2422
168,car,0.6570332646369934,17173
168,car,0.631134569644928,38005
168,car,0.6033282279968262,6418
168,truck,0.5951710939407349,62162
168,car,0.5797979831695557,52021
168,car,0.5515486598014832,6703
168,car,0.5315782427787781,3844
168,truck,0.5135010480880737,13045
168,car,0.5041693449020386,11806
168,person,0.4952128231525421,1663
168,person,0.486041396856308,3016
168,car,0.4609576165676117,2521
168,car,0.454509973526001,5735
168,car,0.4134933352470398,2155
168,truck,0.40277984738349915,18508
168,car,0.3502084016799927,17596
168,person,0.3450801968574524,1546
168,motorcycle,0.3272387683391571,1735
168,truck,0.32181215286254883,11875
168,car,0.3077172338962555,7594
168,person,0.30708152055740356,3718
168,car,0.2998984754085541,3788
169,car,0.8403474688529968,34883
169,car,0.7971693277359009,20440
169,car,0.7706646919250488,43904
169,car,0.7694918513298035,6166
169,car,0.7519797682762146,12592
169,car,0.7297887206077576,33802
169,umbrella,0.7241998910903931,3076
169,person,0.7238489389419556,2908
169,car,0.6945734620094299,17182
169,car,0.6926658153533936,10315
169,car,0.6787400841712952,37924
169,car,0.6610482335090637,49582
169,car,0.5928493738174438,6301
169,car,0.536666989326477,9859
169,car,0.5268799066543579,12190
169,car,0.521117091178894,4090
169,person,0.4959299862384796,1984
169,person,0.49146997928619385,2980
169,clock,0.4798377454280853,6079
169,truck,0.4759666323661804,13036
169,person,0.4748457670211792,3649
169,truck,0.46654024720191956,66683
169,car,0.43611449003219604,1738
169,car,0.4313524663448334,7525
169,truck,0.42021843791007996,17692
169,car,0.4193803369998932,2155
169,bus,0.4107559025287628,67277
169,car,0.3889136016368866,3415
169,car,0.37523555755615234,5708
169,person,0.3625779151916504,1606
169,truck,0.36162295937538147,12253
169,motorcycle,0.3558996617794037,1714
169,truck,0.3378034234046936,9904
169,car,0.3267418444156647,7558
169,truck,0.31200698018074036,29339
169,car,0.2661252021789551,4270
170,car,0.8190593719482422,41681
170,car,0.8146556615829468,30128
170,car,0.7854503393173218,20263
170,car,0.7771211862564087,9913
170,person,0.7417720556259155,3205
170,umbrella,0.7250080108642578,3373
170,car,0.7067312002182007,7171
170,car,0.6858250498771667,17209
170,car,0.6737989187240601,38149
170,car,0.638297438621521,34912
170,car,0.6070449352264404,10462
170,person,0.5571949481964111,3130
170,car,0.5567580461502075,6373
170,car,0.5425242781639099,44779
170,car,0.5145740509033203,11542
170,truck,0.5119005441665649,13000
170,car,0.504952609539032,7015
170,car,0.4894924759864807,12226
170,car,0.48827651143074036,4429
170,truck,0.4571756422519684,72932
170,motorcycle,0.4220983684062958,1846
170,truck,0.41759899258613586,12235
170,person,0.41147929430007935,3457
170,clock,0.4100383222103119,6169
170,car,0.39972493052482605,5690
170,truck,0.38504594564437866,44314
170,bus,0.38023996353149414,73151
170,person,0.35826051235198975,2353
170,person,0.3535986840724945,1597
170,truck,0.3501577079296112,18022
170,car,0.3097842037677765,1258
170,truck,0.2886991798877716,10498
170,car,0.2809024453163147,7594
170,truck,0.2700677514076233,29294
171,car,0.8195107579231262,41759
171,car,0.8192464113235474,30128
171,car,0.7844676971435547,20263
171,car,0.7784863710403442,9913
171,person,0.742032527923584,2671
171,umbrella,0.7257493138313293,3373
171,car,0.7096518874168396,7171
171,car,0.6910116076469421,17209
171,car,0.6847936511039734,38122
171,car,0.6348307728767395,34903
171,car,0.6108038425445557,10471
171,car,0.5628198385238647,44770
171,car,0.5570428967475891,6373
171,person,0.5259537696838379,3172
171,car,0.5140442252159119,11542
171,truck,0.5095291137695312,13018
171,car,0.5038421154022217,7015
171,car,0.49335163831710815,12244
171,car,0.4926302134990692,4429
171,clock,0.430362731218338,6079
171,motorcycle,0.42330002784729004,1846
171,truck,0.4126085638999939,12280
171,person,0.41227972507476807,3466
171,car,0.4120861887931824,5690
171,bus,0.39767661690711975,73169
171,truck,0.39028623700141907,73004
171,truck,0.3713967502117157,44341
171,person,0.3591606020927429,2353
171,person,0.355075865983963,1597
171,truck,0.3469820022583008,18013
171,car,0.30848294496536255,1258
171,truck,0.2875494360923767,10498
171,car,0.26535141468048096,7594
172,car,0.8606343269348145,41555
172,car,0.8098806738853455,26537
172,car,0.7841163873672485,20263
172,person,0.7532160878181458,2653
172,car,0.6872031092643738,6325
172,umbrella,0.6811753511428833,3391
172,car,0.6706598401069641,38302
172,car,0.6688920855522156,17191
172,car,0.6609534025192261,12562
172,car,0.6463677883148193,10396
172,car,0.644550085067749,35254
172,person,0.5976671576499939,3274
172,car,0.587436318397522,4108
172,car,0.5450553894042969,9502
172,car,0.5255123376846313,43861
172,truck,0.5127421021461487,12919
172,car,0.48906007409095764,12271
172,car,0.4799248278141022,6490
172,car,0.41733354330062866,7681
172,truck,0.4081967771053314,12307
172,car,0.3895398676395416,2110
172,car,0.38839831948280334,5681
172,truck,0.38112595677375793,16702
172,person,0.36963945627212524,1606
172,person,0.34999901056289673,4724
172,car,0.3342590630054474,1216
172,person,0.33311012387275696,3430
172,clock,0.3261984586715698,6088
172,truck,0.3220099210739136,43594
172,person,0.31570062041282654,2215
172,car,0.29871270060539246,16873
172,motorcycle,0.2973727881908417,2041
172,car,0.2707662880420685,7603
173,car,0.805833637714386,6364
173,car,0.7799796462059021,39191
173,car,0.7696077227592468,20275
173,person,0.7506887912750244,2782
173,car,0.741666853427887,19775
173,car,0.684228241443634,11230
173,car,0.6618199944496155,17182
173,car,0.6451194286346436,6607
173,car,0.6353055834770203,11374
173,car,0.6204376816749573,35929
173,truck,0.5771926045417786,70067
173,car,0.5576890110969543,38554
173,car,0.5286405086517334,11326
173,car,0.5167672038078308,12343
173,car,0.5051409006118774,4174
173,truck,0.46633031964302063,12892
173,truck,0.4634038209915161,39643
173,car,0.4486694633960724,5548
173,car,0.4149346649646759,39643
173,truck,0.3991999328136444,17161
173,car,0.3938930630683899,5726
173,truck,0.37966814637184143,11389
173,car,0.3662543296813965,2248
173,person,0.34653612971305847,1657
173,truck,0.34452080726623535,12343
173,motorcycle,0.3438594341278076,2053
173,person,0.34303590655326843,3343
173,car,0.34237948060035706,2110
173,truck,0.3230755925178528,38653
173,clock,0.32208603620529175,6052
173,car,0.2992614805698395,7621
173,umbrella,0.285292387008667,3316
173,person,0.25289055705070496,2911
173,person,0.25034087896347046,2029
174,car,0.8065264225006104,6364
174,car,0.7791820764541626,39200
174,car,0.7659757733345032,20338
174,person,0.7518684267997742,2782
174,car,0.7406752705574036,19775
174,car,0.6820449829101562,11818
174,car,0.6561923623085022,17182
174,car,0.6429609060287476,6598
174,car,0.6337513327598572,11374
174,car,0.6223286986351013,35911
174,truck,0.5840887427330017,70079
174,car,0.5623740553855896,38536
174,car,0.5316159725189209,11326
174,car,0.5073387622833252,4174
174,car,0.506377100944519,12343
174,truck,0.4686909019947052,12892
174,truck,0.465005487203598,39643
174,car,0.4511467516422272,5548
174,car,0.41344308853149414,39643
174,truck,0.40259674191474915,17179
174,car,0.38095179200172424,5690
174,truck,0.3786388635635376,11353
174,car,0.36462247371673584,2248
174,truck,0.3556472957134247,12343
174,person,0.3468555510044098,1657
174,motorcycle,0.3455778956413269,2053
174,person,0.34173017740249634,3298
174,car,0.3381120264530182,2110
174,truck,0.31938159465789795,38617
174,clock,0.31713995337486267,6142
174,car,0.30072012543678284,7630
174,umbrella,0.2862786054611206,3316
174,person,0.2540808320045471,2911
174,person,0.25188472867012024,2029
175,car,0.8153749108314514,37235
175,car,0.7999359369277954,6184
175,car,0.7898699641227722,10843
175,car,0.7871745824813843,20167
175,car,0.7683842778205872,17231
175,person,0.7141178250312805,2758
175,car,0.7074334025382996,12106
175,car,0.7053699493408203,10837
175,car,0.6841349005699158,17110
175,car,0.6475555300712585,36316
175,car,0.6321800351142883,6670
175,car,0.5994861125946045,38608
175,car,0.5865647792816162,6079
175,car,0.5703665018081665,38158
175,car,0.548986554145813,4513
175,car,0.493867963552475,12226
175,truck,0.48506587743759155,13126
175,car,0.42715349793434143,5690
175,bus,0.4237939417362213,73844
175,truck,0.41983017325401306,18508
175,umbrella,0.3773593008518219,2551
175,truck,0.37568342685699463,12271
175,clock,0.36883968114852905,6034
175,person,0.3530605137348175,2980
175,car,0.33146265149116516,3502
175,person,0.3264075517654419,1630
175,car,0.30380356311798096,1276
175,person,0.30306440591812134,3154
175,car,0.294718474149704,2362
175,truck,0.2818276286125183,73466
175,car,0.28009551763534546,7576
175,car,0.276650995016098,8069
175,person,0.25419360399246216,4568
176,car,0.861811101436615,33641
176,car,0.8167452812194824,36856
176,car,0.8086504340171814,20182
176,car,0.7698016166687012,12580
176,person,0.7542134523391724,3088
176,car,0.7503731846809387,10591
176,car,0.7432187795639038,5209
176,car,0.7090324759483337,14006
176,car,0.7078811526298523,17020
176,person,0.7042340636253357,2479
176,car,0.6864652633666992,12214
176,car,0.6812838912010193,6724
176,car,0.6624823808670044,4921
176,car,0.6422337293624878,38689
176,person,0.6417391896247864,3178
176,umbrella,0.6404128670692444,3223
176,car,0.6380778551101685,9302
176,truck,0.6300462484359741,77720
176,car,0.5918310284614563,6862
176,car,0.5208176970481873,12208
176,car,0.4735644459724426,2026
176,truck,0.4677707552909851,17980
176,truck,0.4660983681678772,12919
176,truck,0.4328621029853821,35929
176,car,0.429460346698761,5771
176,car,0.4095126688480377,3298
176,car,0.38853856921195984,36037
176,car,0.3655714988708496,1540
176,person,0.3484247326850891,4418
176,person,0.30678606033325195,2467
176,car,0.30455994606018066,7576
176,car,0.29865193367004395,2152
176,car,0.28649958968162537,2500
176,person,0.2863946259021759,1597
176,truck,0.2702362835407257,2638
176,car,0.27000001072883606,24572
176,car,0.25099116563796997,3751
177,car,0.8580348491668701,33641
177,car,0.8168613314628601,36856
177,car,0.8088144659996033,20182
177,car,0.7707158327102661,12580
177,person,0.7542197108268738,3088
177,car,0.7513903975486755,10591
177,car,0.743877112865448,5209
177,car,0.7074186205863953,17020
177,car,0.707102358341217,14006
177,person,0.704247772693634,2479
177,car,0.6857529878616333,12214
177,car,0.681151807308197,6724
177,car,0.6624214053153992,4921
177,car,0.6420982480049133,38698
177,person,0.6418194770812988,3178
177,umbrella,0.6405172348022461,3223
177,car,0.6382665038108826,9302
177,truck,0.6304659247398376,77720
177,car,0.5926318764686584,6862
177,car,0.5213152766227722,12208
177,car,0.47369852662086487,2026
177,truck,0.4677625298500061,17980
177,truck,0.4659321904182434,12919
177,car,0.4303410053253174,5771
177,truck,0.42998671531677246,35938
177,car,0.40961214900016785,3307
177,car,0.38987869024276733,36037
177,car,0.36557498574256897,1540
177,person,0.34698551893234253,4418
177,person,0.30713605880737305,2467
177,car,0.3049936294555664,7585
177,car,0.2988734841346741,2152
177,person,0.2867431044578552,1597
177,car,0.28647980093955994,2500
177,car,0.27134278416633606,24572
177,truck,0.2700176537036896,2638
177,car,0.251095712184906,3751
178,car,0.874026358127594,33167
178,car,0.8156613707542419,10165
178,car,0.7990241646766663,20086
178,car,0.788442850112915,37324
178,car,0.764494776725769,16301
178,car,0.7458254098892212,5065
178,person,0.7382558584213257,3478
178,umbrella,0.7334402203559875,3196
178,car,0.714613676071167,16870
178,car,0.6998463273048401,12094
178,car,0.6984860897064209,4174
178,car,0.6966074705123901,6751
178,car,0.6951825618743896,38650
178,car,0.6687973737716675,13612
178,person,0.6600238680839539,2773
178,car,0.6043780446052551,5323
178,truck,0.5967383980751038,78152
178,person,0.5914581418037415,3566
178,car,0.5509523749351501,12253
178,car,0.5496219396591187,35449
178,truck,0.5122290253639221,12874
178,car,0.5004663467407227,5726
178,car,0.4596712589263916,1936
178,car,0.44246724247932434,24788
178,car,0.43247190117836,3547
178,truck,0.4081237316131592,2839
178,truck,0.4066920280456543,17650
178,person,0.37429356575012207,1921
178,person,0.3594549894332886,2755
178,person,0.3556748926639557,4409
178,car,0.34844520688056946,17665
178,car,0.3399922251701355,7549
178,truck,0.3369081914424896,35494
178,car,0.3049760162830353,4997
178,clock,0.3013192117214203,6178
178,person,0.29971760511398315,1597
178,car,0.2810523509979248,1426
178,car,0.27358806133270264,1594
179,car,0.8703639507293701,20960
179,car,0.8677144646644592,26972
179,car,0.8133701682090759,9472
179,car,0.8091453313827515,14113
179,car,0.7926208972930908,19930
179,car,0.7865871787071228,37645
179,car,0.770263671875,4924
179,car,0.7652469277381897,32239
179,car,0.6877762079238892,16780
179,person,0.6866005063056946,3098
179,car,0.6837155818939209,38338
179,umbrella,0.6654171943664551,3130
179,person,0.6633579134941101,2869
179,car,0.6475406289100647,5329
179,truck,0.6288491487503052,81723
179,car,0.6159899830818176,7123
179,car,0.604664146900177,13948
179,car,0.5328766703605652,5461
179,car,0.5293510556221008,3547
179,person,0.5285986065864563,3538
179,car,0.5252729058265686,5753
179,truck,0.5232958793640137,12928
179,car,0.5173475742340088,12298
179,car,0.5109229683876038,2500
179,car,0.5022538900375366,24815
179,truck,0.4508582055568695,17200
179,car,0.42923393845558167,1117
179,person,0.4245627224445343,4067
179,truck,0.3404056429862976,12271
179,car,0.33600035309791565,7594
179,motorcycle,0.2938360273838043,2527
179,person,0.27096402645111084,3394
179,car,0.2699172794818878,3928
180,car,0.870658814907074,20960
180,car,0.867755651473999,26972
180,car,0.8137719631195068,9472
180,car,0.8092166781425476,14113
180,car,0.7925997376441956,19930
180,car,0.7859624624252319,37645
180,car,0.7685591578483582,4924
180,car,0.7652391195297241,32239
180,car,0.688549280166626,16780
180,person,0.6870279908180237,3098
180,car,0.6836186051368713,38338
180,umbrella,0.665531575679779,3130
180,person,0.6629854440689087,2869
180,car,0.6477099657058716,5329
180,truck,0.6304066181182861,81732
180,car,0.6161543130874634,7123
180,car,0.6049726605415344,13948
180,car,0.5339679718017578,5461
180,person,0.5285346508026123,3538
180,car,0.5255835056304932,3547
180,car,0.5251721143722534,5753
180,truck,0.5233947038650513,12928
180,car,0.5174142718315125,12289
180,car,0.5117828845977783,2500
180,car,0.5020460486412048,24815
180,truck,0.45042070746421814,17200
180,car,0.42763787508010864,1117
180,person,0.4238654375076294,4067
180,truck,0.3406912088394165,12271
180,car,0.3362067937850952,7594
180,motorcycle,0.2939583659172058,2527
180,person,0.27200475335121155,3394
180,car,0.2696690261363983,3928
181,car,0.8705988526344299,24080
181,car,0.7883540987968445,9214
181,car,0.77940833568573,19999
181,car,0.7698425650596619,38245
181,car,0.7644526958465576,14224
181,person,0.7524715662002563,2965
181,person,0.7122384905815125,2848
181,car,0.7098137140274048,4987
181,car,0.6992493867874146,5140
181,car,0.6883416771888733,16771
181,car,0.686791181564331,25415
181,car,0.6781398057937622,38218
181,person,0.6135604381561279,4429
181,car,0.6122035384178162,30736
181,car,0.5995669960975647,6820
181,car,0.5746873617172241,12271
181,umbrella,0.5569707751274109,3325
181,car,0.5518229007720947,13999
181,car,0.5378701090812683,5851
181,truck,0.5158402919769287,12922
181,car,0.5039454698562622,5717
181,truck,0.490647554397583,85977
181,person,0.47581052780151367,4049
181,truck,0.47244933247566223,18157
181,car,0.46329164505004883,3538
181,car,0.4561919569969177,24869
181,car,0.4280623197555542,7495
181,truck,0.3667449355125427,30514
181,car,0.3601180613040924,2176
181,person,0.32746458053588867,1123
181,car,0.3226739168167114,1240
181,car,0.28043225407600403,2863
181,clock,0.26092982292175293,5944
182,car,0.817990243434906,9256
182,person,0.7555711269378662,3190
182,truck,0.752529501914978,29545
182,car,0.7250678539276123,4978
182,car,0.7233967781066895,15007
182,car,0.7199804782867432,38812
182,truck,0.7144790291786194,91392
182,car,0.7074200510978699,21118
182,car,0.6937599182128906,26897
182,car,0.6896381378173828,18994
182,person,0.6881577968597412,2767
182,car,0.6659317016601562,6976
182,car,0.6505352854728699,38104
182,car,0.6488417387008667,16714
182,car,0.645650327205658,6547
182,umbrella,0.6439616680145264,3343
182,car,0.6407210230827332,12262
182,person,0.6337413787841797,3805
182,car,0.5879641771316528,2875
182,car,0.5398260354995728,14422
182,car,0.49776557087898254,5275
182,truck,0.487107515335083,12958
182,car,0.4795335531234741,7486
182,car,0.4627905488014221,5690
182,car,0.4397655129432678,24758
182,truck,0.43137672543525696,17443
182,car,0.43014612793922424,1762
182,clock,0.41669777035713196,5953
182,person,0.40010032057762146,4347
182,car,0.384510338306427,3811
182,car,0.3836800158023834,2782
182,car,0.2992357313632965,5035
182,person,0.29220181703567505,2791
182,truck,0.2773629128932953,2512
182,car,0.27452072501182556,18034
182,car,0.26248612999916077,1900
183,car,0.8180599808692932,9256
183,person,0.7555510401725769,3190
183,truck,0.7530215978622437,29545
183,car,0.7249210476875305,4978
183,car,0.7227014303207397,15007
183,car,0.7192916870117188,38812
183,truck,0.7129325270652771,91410
183,car,0.7073957920074463,21118
183,person,0.6911512613296509,2776
183,car,0.6911338567733765,26897
183,car,0.6889358162879944,18994
183,car,0.665863573551178,6976
183,car,0.6498456597328186,38104
183,car,0.6495341658592224,16645
183,car,0.6452400088310242,6547
183,umbrella,0.6438509821891785,3343
183,car,0.6403499841690063,12262
183,person,0.6341424584388733,3805
183,car,0.5870856642723083,2875
183,car,0.5404951572418213,14422
183,car,0.4960123300552368,5443
183,truck,0.4875703454017639,12958
183,car,0.4795242249965668,7486
183,car,0.46260157227516174,5690
183,car,0.4392985701560974,24749
183,truck,0.4315491318702698,17443
183,car,0.4297250509262085,1762
183,clock,0.4090689420700073,5953
183,person,0.39530256390571594,4347
183,car,0.38400283455848694,3811
183,car,0.3832278251647949,2782
183,car,0.29898813366889954,5035
183,person,0.292217493057251,2791
183,truck,0.27734726667404175,2512
183,car,0.2747000455856323,18025
183,car,0.26183396577835083,1900
184,car,0.8410011529922485,15613
184,car,0.787689208984375,28979
184,car,0.7782516479492188,8392
184,person,0.7537752389907837,3442
184,car,0.7268677949905396,4933
184,car,0.7160072922706604,21154
184,car,0.7111392617225647,39019
184,car,0.7082213759422302,38038
184,car,0.6995968222618103,16075
184,person,0.6815720796585083,3556
184,car,0.6702046394348145,16618
184,car,0.6692584753036499,7117
184,person,0.6679361462593079,2482
184,car,0.6450668573379517,5956
184,car,0.6022149324417114,12334
184,car,0.5773119926452637,14929
184,truck,0.5723249316215515,27373
184,car,0.5692899227142334,2551
184,umbrella,0.5488914847373962,2896
184,person,0.5446311235427856,4148
184,truck,0.5124454498291016,91865
184,car,0.4945600628852844,4984
184,car,0.47160664200782776,5771
184,car,0.456674188375473,7531
184,motorcycle,0.445274293422699,1897
184,car,0.43835264444351196,1834
184,truck,0.43493491411209106,12991
184,truck,0.4203697443008423,17155
184,clock,0.4118734300136566,5893
184,car,0.38362398743629456,24677
184,car,0.3377734422683716,2755
184,car,0.27147242426872253,4864
184,car,0.25487712025642395,3412
184,car,0.25393855571746826,2845
184,truck,0.2512982487678528,2959
185,car,0.7891650199890137,31259
185,person,0.767447829246521,2635
185,car,0.754716694355011,8353
185,car,0.7361994385719299,3976
185,person,0.7344597578048706,2815
185,car,0.7085999250411987,37987
185,car,0.7021633982658386,19972
185,car,0.6754435896873474,38857
185,car,0.6730172634124756,16669
185,car,0.6707292199134827,5341
185,car,0.6701414585113525,7153
185,car,0.6538400053977966,16048
185,person,0.6444694995880127,3646
185,car,0.6284207105636597,10291
185,umbrella,0.6250068545341492,2455
185,car,0.6035887598991394,12238
185,truck,0.5898157358169556,26935
185,person,0.5239050388336182,4488
185,car,0.5126074552536011,2296
185,car,0.49241647124290466,16327
185,car,0.4781806170940399,7405
185,car,0.4548392593860626,4834
185,car,0.4506969749927521,5780
185,car,0.4478451907634735,16903
185,truck,0.4102172553539276,17077
185,truck,0.395375519990921,97118
185,truck,0.3903769552707672,12985
185,truck,0.3891979455947876,38848
185,truck,0.36723828315734863,15763
185,truck,0.34173306822776794,12247
185,motorcycle,0.34152573347091675,2713
185,car,0.3396401107311249,12994
185,car,0.3279716372489929,2050
185,car,0.32765713334083557,4708
185,car,0.3199734389781952,2836
185,person,0.31145456433296204,3574
185,truck,0.3043586015701294,2575
185,car,0.29261669516563416,24830
185,clock,0.2757856547832489,5893
185,person,0.2502424418926239,2677
186,car,0.7901672124862671,31259
186,person,0.7677523493766785,2635
186,car,0.75379478931427,8353
186,car,0.7359976172447205,3976
186,person,0.7352321743965149,2824
186,car,0.7057716250419617,37978
186,car,0.7022072672843933,19972
186,car,0.6793040633201599,38848
186,car,0.673198938369751,16669
186,car,0.6706516742706299,5341
186,car,0.6701663136482239,7153
186,car,0.6503961682319641,16048
186,person,0.6449781656265259,3646
186,car,0.6270813345909119,10291
186,umbrella,0.6245947480201721,2455
186,car,0.6030417084693909,12238
186,truck,0.5904419422149658,26935
186,person,0.5246027112007141,4488
186,car,0.515520453453064,2365
186,car,0.49437379837036133,16327
186,car,0.4776499569416046,7405
186,car,0.45502302050590515,4834
186,car,0.4458814263343811,5780
186,car,0.44516971707344055,16939
186,truck,0.4115513265132904,17077
186,truck,0.39512670040130615,97109
186,truck,0.39010217785835266,12985
186,truck,0.3868737816810608,38839
186,truck,0.3668527603149414,15763
186,truck,0.3416099548339844,12247
186,motorcycle,0.3408257067203522,2713
186,car,0.33988040685653687,12976
186,car,0.32789862155914307,2050
186,car,0.3274945318698883,4708
186,car,0.32080361247062683,2836
186,person,0.31407350301742554,3574
186,truck,0.3038099706172943,2575
186,car,0.2820180356502533,24830
186,clock,0.25096797943115234,5893
186,person,0.25063344836235046,2677
187,car,0.8650649785995483,16864
187,car,0.7886769771575928,8008
187,person,0.7595582008361816,3088
187,person,0.7321860790252686,2710
187,car,0.7252990007400513,20254
187,car,0.713992714881897,4834
187,car,0.7127034664154053,31997
187,car,0.6895516514778137,16651
187,car,0.6823912262916565,38902
187,car,0.6586374640464783,38029
187,umbrella,0.6558950543403625,2650
187,car,0.6458735466003418,5497
187,car,0.6019805669784546,7153
187,person,0.5969434976577759,4108
187,car,0.5717379450798035,12265
187,car,0.5644410252571106,16018
187,car,0.5407271385192871,25393
187,person,0.5378161072731018,4292
187,car,0.4989897310733795,5347
187,car,0.4911861717700958,6200
187,car,0.4609927833080292,7078
187,car,0.45718497037887573,5816
187,person,0.4506697952747345,3139
187,car,0.43326058983802795,2347
187,truck,0.42816054821014404,100607
187,car,0.42695680260658264,16597
187,truck,0.4191758632659912,16633
187,truck,0.39546048641204834,13228
187,truck,0.38576772809028625,38875
187,car,0.31704840064048767,1657
187,car,0.2998729348182678,3205
187,car,0.2976270318031311,24668
187,car,0.29655519127845764,2488
187,car,0.2745075225830078,2686
187,car,0.2706642150878906,4546
187,person,0.26960504055023193,1051
187,clock,0.2668951451778412,5794
187,truck,0.26420387625694275,25438
188,car,0.873994767665863,18889
188,car,0.7922953963279724,7111
188,person,0.7748997807502747,3415
188,person,0.7723285555839539,3097
188,umbrella,0.741862952709198,3442
188,car,0.7400953769683838,16609
188,car,0.7303881049156189,5038
188,car,0.7294052243232727,23764
188,car,0.7232258319854736,20266
188,car,0.700080156326294,7393
188,car,0.6906735897064209,37780
188,car,0.685032844543457,38677
188,car,0.6630083322525024,5851
188,car,0.6590268611907959,17674
188,person,0.6560069918632507,4695
188,person,0.6267494559288025,4027
188,car,0.6016905903816223,12364
188,car,0.5442293882369995,33374
188,car,0.4814436137676239,5789
188,car,0.46412473917007446,7396
188,truck,0.42649516463279724,38740
188,truck,0.42560508847236633,16705
188,person,0.4015792906284332,2893
188,truck,0.3973526954650879,13480
188,car,0.3960980176925659,24929
188,car,0.3944983184337616,16714
188,umbrella,0.3810899257659912,706
188,car,0.3760085701942444,5413
188,truck,0.35840144753456116,97847
188,car,0.35617053508758545,4840
188,truck,0.3257048428058624,12292
188,clock,0.32349294424057007,5752
188,car,0.3183624744415283,3247
188,car,0.264761358499527,2782
189,car,0.8746500015258789,18889
189,car,0.7913845181465149,7111
189,person,0.774890661239624,3415
189,person,0.772692859172821,3097
189,umbrella,0.7420986890792847,3442
189,car,0.7417151927947998,16618
189,car,0.7295545935630798,23773
189,car,0.7290356159210205,5038
189,car,0.7199125289916992,20257
189,car,0.69999760389328,7393
189,car,0.6889050006866455,37798
189,car,0.6851865649223328,38677
189,car,0.6625477075576782,5851
189,car,0.6623299717903137,17710
189,person,0.6498807668685913,4668
189,person,0.6259801387786865,4027
189,car,0.6019092202186584,12364
189,car,0.5409294962882996,33374
189,car,0.48075613379478455,5789
189,car,0.46183839440345764,7396
189,truck,0.4252251982688904,38740
189,truck,0.42461803555488586,16696
189,person,0.40502306818962097,2893
189,car,0.4000374674797058,16705
189,truck,0.39649584889411926,13480
189,car,0.3927099406719208,24929
189,umbrella,0.3839428424835205,706
189,car,0.37242862582206726,5413
189,car,0.35501596331596375,4840
189,truck,0.3542419970035553,97856
189,truck,0.325899600982666,12292
189,clock,0.3219628930091858,5776
189,car,0.31786319613456726,3247
189,car,0.2639078199863434,2782
190,car,0.880105197429657,19420
190,person,0.7950021028518677,3520
190,car,0.7423701286315918,16504
190,car,0.7367811799049377,23236
190,person,0.7303882837295532,3142
190,car,0.7156254053115845,7333
190,car,0.7133972644805908,3388
190,umbrella,0.7047969102859497,3370
190,car,0.6935719847679138,20086
190,car,0.6740332841873169,7510
190,person,0.6709461808204651,4659
190,car,0.6681849956512451,17692
190,car,0.6664605140686035,37834
190,person,0.6635125875473022,3862
190,car,0.662623941898346,32819
190,car,0.6348323225975037,38650
190,car,0.5850573182106018,6115
190,car,0.5728444457054138,12391
190,truck,0.5374023914337158,100842
190,truck,0.47540441155433655,38704
190,car,0.4650816023349762,5780
190,truck,0.45999032258987427,13381
190,car,0.44854989647865295,6997
190,truck,0.44024908542633057,16633
190,person,0.43608492612838745,3124
190,car,0.422559529542923,16714
190,car,0.40301620960235596,5911
190,motorcycle,0.3595952093601227,2395
190,car,0.3594008982181549,24965
190,umbrella,0.3553212285041809,1196
190,truck,0.3505246043205261,12346
190,car,0.34418049454689026,1435
190,car,0.330483078956604,5626
190,car,0.28938350081443787,3016
190,person,0.28090009093284607,988
190,car,0.2725188732147217,2155
191,car,0.8847291469573975,21706
191,person,0.7769874334335327,3235
191,car,0.7697443962097168,18877
191,car,0.758991539478302,29830
191,car,0.7245741486549377,16573
191,person,0.7140060663223267,3202
191,car,0.7127299904823303,37969
191,car,0.7015527486801147,21268
191,car,0.6902723908424377,38623
191,car,0.6874152421951294,3301
191,car,0.6532385349273682,7465
191,car,0.6398091316223145,7153
191,umbrella,0.6355882883071899,2491
191,person,0.6061425805091858,2920
191,person,0.5792827010154724,4256
191,car,0.5774524211883545,21550
191,car,0.5691524147987366,6340
191,truck,0.5536882281303406,21640
191,motorcycle,0.5164306163787842,1711
191,car,0.5148816704750061,12265
191,car,0.5040644407272339,5834
191,car,0.4996674954891205,5473
191,truck,0.46711790561676025,13291
191,truck,0.45747482776641846,16576
191,car,0.45115458965301514,24809
191,truck,0.4503372311592102,12238
191,car,0.44530075788497925,3919
191,truck,0.4329278767108917,38641
191,car,0.43113675713539124,16411
191,person,0.4172459542751312,3457
191,truck,0.4169909954071045,98871
191,car,0.40977632999420166,7420
191,clock,0.381570041179657,5752
191,bus,0.3379940986633301,99198
191,person,0.29116711020469666,1027
191,car,0.2826487123966217,3292
191,car,0.2642174959182739,1585
192,car,0.8850955367088318,21706
192,person,0.7769982814788818,3235
192,car,0.7690852284431458,18877
192,car,0.7556532621383667,29839
192,car,0.7245262265205383,16573
192,person,0.7146894335746765,3202
192,car,0.7129461169242859,37969
192,car,0.701972484588623,21259
192,car,0.6918573379516602,38632
192,car,0.687177836894989,3301
192,car,0.6525205969810486,7465
192,car,0.6396498084068298,7153
192,umbrella,0.6338022947311401,2491
192,person,0.6065605282783508,2920
192,car,0.5913406610488892,21559
192,car,0.5700269341468811,6340
192,person,0.5506356954574585,4265
192,truck,0.5472169518470764,21640
192,motorcycle,0.5171210765838623,1711
192,car,0.5137727856636047,12265
192,car,0.5050030946731567,5834
192,car,0.4986981153488159,5473
192,truck,0.4666232764720917,13246
192,truck,0.4574086368083954,16576
192,car,0.45024383068084717,24827
192,truck,0.4497511386871338,12238
192,car,0.44459226727485657,3919
192,truck,0.4332190752029419,38632
192,car,0.43050599098205566,16411
192,person,0.41706687211990356,3457
192,truck,0.41335251927375793,98937
192,car,0.40981626510620117,7483
192,clock,0.36424240469932556,5752
192,bus,0.34146684408187866,99207
192,person,0.2921268939971924,1027
192,car,0.2824300229549408,3292
192,car,0.26383674144744873,1585
193,car,0.8746145367622375,21058
193,car,0.7820789813995361,27766
193,person,0.7754170298576355,3052
193,person,0.7631530165672302,3253
193,umbrella,0.7470126152038574,2482
193,car,0.7460951805114746,16438
193,car,0.72160404920578,38434
193,car,0.7054057717323303,38596
193,motorcycle,0.7023290395736694,2032
193,bus,0.7013345956802368,98159
193,car,0.6971276998519897,20104
193,car,0.6844976544380188,4186
193,car,0.6260321736335754,7414
193,car,0.6194355487823486,18877
193,car,0.569863498210907,7117
193,car,0.5460078716278076,5834
193,person,0.5362969636917114,3166
193,person,0.5357998609542847,4431
193,car,0.5307704210281372,24236
193,truck,0.4972829222679138,12301
193,person,0.4949207603931427,3169
193,truck,0.4527641534805298,16531
193,truck,0.4471924602985382,13327
193,truck,0.44561368227005005,19405
193,car,0.44158560037612915,4240
193,car,0.4408164322376251,19465
193,car,0.43994271755218506,12238
193,car,0.4249032437801361,16390
193,car,0.409989595413208,6757
193,car,0.37075626850128174,7321
193,person,0.3496430814266205,1381
193,truck,0.34559112787246704,38569
193,car,0.3421452045440674,3718
193,truck,0.3392416834831238,7402
193,car,0.32921865582466125,3409
193,car,0.2994111180305481,4780
193,car,0.2799323499202728,1402
193,umbrella,0.26552683115005493,752
194,bus,0.9186398983001709,99743
194,car,0.8968144059181213,23371
194,person,0.76207435131073,3352
194,car,0.7563065886497498,38605
194,person,0.7325829267501831,3067
194,car,0.7074097990989685,20122
194,car,0.7060667276382446,3442
194,car,0.7047312259674072,38704
194,car,0.6988273859024048,16387
194,car,0.6836701035499573,20011
194,car,0.6521943211555481,24805
194,motorcycle,0.6504001021385193,2077
194,car,0.6327362060546875,6718
194,umbrella,0.6118448972702026,2428
194,car,0.5449485182762146,5798
194,car,0.5385475754737854,18928
194,car,0.5365284085273743,7054
194,truck,0.5343397855758667,12274
194,car,0.5083787441253662,5878
194,car,0.4701679050922394,24290
194,truck,0.46907493472099304,17356
194,person,0.45916232466697693,3706
194,car,0.4441528022289276,12220
194,truck,0.4231381118297577,13225
194,car,0.39762353897094727,2953
194,person,0.3810758888721466,1702
194,car,0.3768612742424011,7303
194,car,0.37222257256507874,4801
194,truck,0.37186235189437866,18964
194,truck,0.35436365008354187,38641
194,car,0.32535621523857117,2320
194,clock,0.32429423928260803,5575
194,car,0.3235186040401459,3427
194,car,0.2873397171497345,4744
195,bus,0.9176530838012695,99755
195,car,0.8970745801925659,23371
195,person,0.7630136013031006,3352
195,car,0.7526670098304749,38632
195,person,0.7332508563995361,3067
195,car,0.7058565616607666,38695
195,car,0.7058327794075012,3442
195,car,0.7027538418769836,20113
195,car,0.7006477117538452,16387
195,car,0.6855271458625793,20011
195,car,0.6537896394729614,24805
195,motorcycle,0.6497104167938232,2077
195,car,0.6359472274780273,6727
195,umbrella,0.596909761428833,2428
195,car,0.5458511114120483,5798
195,car,0.5398573875427246,18928
195,car,0.5386717915534973,7054
195,truck,0.5349938869476318,12274
195,car,0.5083662271499634,5878
195,car,0.4685852825641632,24326
195,truck,0.46067145466804504,17410
195,person,0.4598304033279419,3706
195,car,0.44173678755760193,12220
195,truck,0.42059528827667236,13234
195,car,0.3985272943973541,2953
195,person,0.382869154214859,1687
195,car,0.379082590341568,4801
195,car,0.37282583117485046,7303
195,truck,0.3709765374660492,18973
195,truck,0.3528916835784912,38614
195,car,0.32644227147102356,2320
195,car,0.3258614242076874,3427
195,clock,0.2918289601802826,5584
195,car,0.28733912110328674,4744
196,bus,0.9265825748443604,100505
196,car,0.9035900235176086,24205
196,car,0.7774630784988403,38542
196,person,0.7414236664772034,4045
196,car,0.7352234125137329,38632
196,car,0.7182402014732361,6259
196,person,0.717504620552063,2896
196,car,0.7088735103607178,20155
196,car,0.6967067718505859,16546
196,motorcycle,0.6854816675186157,2599
196,umbrella,0.6745298504829407,2632
196,car,0.6471268534660339,3520
196,car,0.6456969976425171,24085
196,car,0.5727235674858093,20269
196,car,0.5614124536514282,5798
196,truck,0.5483453273773193,12220
196,car,0.5279583930969238,6721
196,car,0.518750011920929,7045
196,car,0.4989154636859894,24218
196,car,0.4793655276298523,18061
196,truck,0.46535569429397583,18034
196,truck,0.4514733552932739,18220
196,car,0.4368767738342285,12193
196,truck,0.4089338481426239,13462
196,person,0.4012780785560608,1759
196,car,0.4004862904548645,3061
196,car,0.3714824616909027,7339
196,car,0.3396747410297394,5209
196,car,0.3378657102584839,4855
196,clock,0.3188972771167755,5584
196,car,0.31359848380088806,2284
196,car,0.3071874678134918,4114
196,person,0.28842535614967346,4272
196,truck,0.2764366567134857,3985
196,truck,0.27584418654441833,5671
196,car,0.26552507281303406,1585
196,person,0.25889718532562256,1924
197,bus,0.8998775482177734,103379
197,car,0.8498398065567017,26854
197,car,0.7742435336112976,38488
197,car,0.7664209604263306,38398
197,person,0.7282515168190002,3430
197,car,0.7281942963600159,16375
197,car,0.7253385782241821,6589
197,car,0.7192670702934265,20164
197,car,0.7135900855064392,3709
197,person,0.7043008804321289,2614
197,truck,0.6490159630775452,16852
197,car,0.6415488719940186,21982
197,umbrella,0.6408933401107788,2695
197,motorcycle,0.5734555125236511,2545
197,car,0.5670387744903564,5759
197,car,0.5473448038101196,5695
197,car,0.53257155418396,3058
197,car,0.5240147709846497,21355
197,truck,0.4969874918460846,12229
197,car,0.4641699194908142,7126
197,car,0.4526190459728241,24092
197,car,0.4469718337059021,2410
197,car,0.44670796394348145,16780
197,person,0.40425530076026917,1030
197,truck,0.4042245149612427,5182
197,car,0.4035351574420929,3481
197,car,0.3852768540382385,7285
197,person,0.3823238015174866,5737
197,car,0.3752797245979309,12166
197,truck,0.3450775146484375,17018
197,car,0.34485217928886414,16550
197,truck,0.34131160378456116,13306
197,truck,0.30470505356788635,3925
197,car,0.303680419921875,3988
197,car,0.2940244674682617,12316
197,person,0.27108293771743774,2140
197,car,0.2644534707069397,1594
197,car,0.2578209638595581,3583
198,bus,0.9087703227996826,102863
198,car,0.85547935962677,26845
198,car,0.7796691656112671,38497
198,car,0.7667917609214783,38434
198,car,0.7310822606086731,16351
198,person,0.7277926206588745,3430
198,car,0.7275345921516418,6589
198,car,0.7166844606399536,20173
198,car,0.7158388495445251,3709
198,person,0.7037664651870728,2257
198,truck,0.6475256681442261,16852
198,umbrella,0.6412265300750732,2695
198,car,0.6401851177215576,22036
198,motorcycle,0.5726894736289978,2545
198,car,0.5594661831855774,5750
198,car,0.549275279045105,5704
198,car,0.5351390242576599,3058
198,car,0.527021050453186,21355
198,truck,0.4952838122844696,12229
198,car,0.47116538882255554,7126
198,car,0.4604836106300354,24032
198,car,0.4498545229434967,2410
198,car,0.44701626896858215,16780
198,truck,0.4080688953399658,5173
198,car,0.40640711784362793,3481
198,person,0.40404707193374634,1030
198,person,0.39644655585289,5746
198,car,0.38963478803634644,7285
198,car,0.3883656859397888,12157
198,truck,0.35692286491394043,13090
198,truck,0.3514178395271301,17408
198,car,0.34477823972702026,16489
198,truck,0.3098050355911255,3925
198,car,0.3085508346557617,3988
198,car,0.29977089166641235,12298
198,car,0.26668843626976013,1594
198,person,0.2638470530509949,2371
198,car,0.25836873054504395,3583
199,bus,0.9330848455429077,98288
199,car,0.8714149594306946,27868
199,car,0.7986010313034058,38506
199,car,0.7813524603843689,38281
199,car,0.7718641757965088,19705
199,car,0.7345972061157227,16456
199,car,0.726146936416626,20119
199,person,0.712433934211731,2686
199,car,0.7060695886611938,3637
199,person,0.6917629837989807,3205
199,car,0.6553428769111633,5896
199,umbrella,0.6425715088844299,2656
199,motorcycle,0.6044531464576721,2281
199,car,0.5800661444664001,5750
199,car,0.5763714909553528,6211
199,car,0.5213598012924194,17065
199,car,0.5143886804580688,22516
199,car,0.49498167634010315,24296
199,car,0.46554434299468994,7072
199,car,0.4542645514011383,3049
199,person,0.44212526082992554,1150
199,car,0.4308590292930603,12190
199,person,0.4241347014904022,5896
199,truck,0.41861259937286377,18127
199,car,0.40996789932250977,2347
199,car,0.40297338366508484,3961
199,car,0.3998219668865204,7267
199,truck,0.3900746703147888,12253
199,truck,0.3818654417991638,13288
199,car,0.3301618695259094,5611
199,car,0.32835331559181213,3463
199,truck,0.3081657290458679,5647
199,person,0.2917250692844391,2434
199,truck,0.2636992633342743,4015
200,bus,0.958122730255127,94781
200,car,0.9032654166221619,29974
200,car,0.8306384086608887,19198
200,car,0.7952533960342407,38227
200,car,0.7909595966339111,38587
200,car,0.7416166067123413,16813
200,car,0.7163473963737488,20119
200,person,0.7102675437927246,2413
200,person,0.7028523087501526,2638
200,car,0.6500415205955505,15631
200,car,0.5946514010429382,6013
200,motorcycle,0.5937072038650513,1888
200,umbrella,0.5909284949302673,2818
200,car,0.5859586596488953,5777
200,car,0.5721654295921326,6565
200,car,0.546195924282074,4348
200,car,0.5389677882194519,24232
200,car,0.4913371503353119,24146
200,car,0.4646356403827667,7069
200,person,0.45223239064216614,1753
200,car,0.43128523230552673,2200
200,car,0.42290395498275757,12166
200,truck,0.3933311402797699,18127
200,truck,0.38971611857414246,12238
200,car,0.37104684114456177,3184
200,car,0.3575684130191803,6073
200,car,0.352201372385025,7258
200,truck,0.3432551622390747,13288
200,car,0.3386162519454956,4138
200,person,0.2968474328517914,3601
200,car,0.2844299077987671,18406
200,car,0.2793547809123993,12361
200,person,0.2769043445587158,5701
200,car,0.2736552059650421,3400
200,person,0.27090728282928467,2458
201,bus,0.9579362869262695,94898
201,car,0.9031640291213989,29989
201,car,0.8305760622024536,19198
201,car,0.7936034202575684,38218
201,car,0.7880499362945557,38596
201,car,0.7401161193847656,16813
201,car,0.714682936668396,20113
201,person,0.7082066535949707,2629
201,person,0.706074059009552,2413
201,car,0.6511147618293762,15631
201,car,0.5984570980072021,6022
201,motorcycle,0.5939016342163086,1924
201,car,0.580192506313324,5777
201,umbrella,0.5799937844276428,2818
201,car,0.578331708908081,6565
201,car,0.5559442043304443,4393
201,car,0.5330309271812439,24223
201,car,0.48370155692100525,24182
201,car,0.4829908311367035,7099
201,person,0.45093244314193726,1753
201,car,0.4337526559829712,2200
201,car,0.4324946403503418,12166
201,truck,0.3979710042476654,18109
201,truck,0.39091867208480835,12238
201,car,0.38086023926734924,3184
201,car,0.3631979823112488,7639
201,car,0.36025533080101013,6073
201,truck,0.3484412133693695,13054
201,car,0.34075862169265747,4138
201,person,0.33297285437583923,3559
201,car,0.2818168103694916,3442
201,car,0.2816767990589142,12352
201,person,0.2777654826641083,4426
201,car,0.27730315923690796,18406
201,person,0.26254016160964966,2458
202,bus,0.9478728175163269,92797
202,car,0.8972651362419128,32497
202,car,0.860495924949646,17656
202,car,0.8211575746536255,38299
202,car,0.8069073557853699,38569
202,car,0.7397517561912537,16786
202,car,0.723595142364502,20074
202,person,0.7213237285614014,2665
202,umbrella,0.7079744338989258,2401
202,person,0.6523751020431519,2401
202,car,0.5823734402656555,3586
202,car,0.577826738357544,5768
202,car,0.5743486285209656,6451
202,car,0.535503625869751,6925
202,car,0.5187023878097534,7135
202,motorcycle,0.518142580986023,2092
202,car,0.5051737427711487,24478
202,car,0.485818475484848,24299
202,car,0.4828397035598755,5650
202,car,0.46695956587791443,14290
202,car,0.45320239663124084,2200
202,car,0.4387633800506592,12229
202,person,0.43803277611732483,3604
202,car,0.41637107729911804,3253
202,truck,0.39846450090408325,12280
202,truck,0.3962478041648865,14263
202,car,0.3799615204334259,3958
202,truck,0.3746533989906311,18103
202,car,0.3714974522590637,3364
202,car,0.363692045211792,7639
202,car,0.3604322671890259,18166
202,truck,0.3362228572368622,13036
202,person,0.3103972375392914,2090
202,person,0.3006550669670105,3320
202,car,0.2968692183494568,12361
202,person,0.2730969190597534,2467
202,car,0.2560170292854309,1108
202,car,0.2533302903175354,2050
203,bus,0.9251063466072083,86839
203,car,0.9077144861221313,36448
203,car,0.8189818263053894,16966
203,car,0.7984780669212341,38326
203,car,0.7884363532066345,38731
203,car,0.7239978909492493,20041
203,person,0.7040992975234985,2350
203,car,0.6996051669120789,16456
203,person,0.6725462079048157,2014
203,umbrella,0.6442360877990723,2623
203,car,0.6383842825889587,13450
203,motorcycle,0.6130467653274536,2113
203,car,0.5856961011886597,7456
203,car,0.5745229721069336,5896
203,car,0.5666819214820862,5777
203,person,0.5468723773956299,1219
203,car,0.5319635272026062,3727
203,car,0.525804340839386,7099
203,car,0.5136135816574097,2500
203,car,0.4711228907108307,24281
203,truck,0.46395233273506165,26734
203,car,0.4495951235294342,27001
203,truck,0.4444783627986908,12166
203,car,0.4428521394729614,6073
203,car,0.42444247007369995,12148
203,person,0.4138745069503784,3382
203,truck,0.41222289204597473,18088
203,car,0.3858109414577484,7648
203,car,0.3487100601196289,3361
203,car,0.3392903506755829,1633
203,car,0.32886144518852234,4384
203,car,0.3130517899990082,4468
203,truck,0.31052616238594055,13171
203,car,0.30454835295677185,12424
203,person,0.2855038642883301,3106
203,motorcycle,0.2696080505847931,866
204,bus,0.9250651001930237,86830
204,car,0.907832145690918,36448
204,car,0.8187199831008911,16966
204,car,0.7996665835380554,38290
204,car,0.7882518768310547,38731
204,car,0.7235927581787109,20041
204,person,0.7040466070175171,2350
204,car,0.6995699405670166,16456
204,person,0.6726305484771729,2014
204,umbrella,0.6442139744758606,2623
204,car,0.6372249722480774,13450
204,motorcycle,0.6132681369781494,2104
204,car,0.585529088973999,7456
204,car,0.5736629366874695,5905
204,car,0.5665022134780884,5777
204,person,0.5468793511390686,1219
204,car,0.531150221824646,3727
204,car,0.5257849097251892,7099
204,car,0.5133798718452454,2500
204,car,0.47097259759902954,24281
204,truck,0.46265745162963867,26734
204,car,0.45123711228370667,27010
204,truck,0.44571441411972046,12166
204,car,0.4424433410167694,6073
204,car,0.4233182370662689,12148
204,person,0.4137752056121826,3382
204,truck,0.4119531214237213,18052
204,car,0.38536399602890015,7648
204,car,0.3481443524360657,3361
204,car,0.3389423191547394,1633
204,car,0.32850879430770874,4384
204,car,0.3128945231437683,4468
204,truck,0.3095238208770752,13171
204,car,0.3049028217792511,12424
204,person,0.28542718291282654,3106
204,motorcycle,0.2696306109428406,866
205,bus,0.9502342343330383,82669
205,car,0.9173843264579773,37588
205,car,0.8682278990745544,15376
205,car,0.7925170660018921,38722
205,car,0.7775961756706238,38335
205,car,0.7400907278060913,14626
205,car,0.7246970534324646,20032
205,person,0.724473237991333,2857
205,car,0.7000851035118103,16483
205,motorcycle,0.6327050924301147,2488
205,umbrella,0.6318855285644531,2995
205,car,0.6137458086013794,6526
205,car,0.5871708393096924,2437
205,person,0.5697346925735474,3730
205,car,0.5602733492851257,5915
205,car,0.5538468360900879,26629
205,person,0.5354796648025513,1558
205,car,0.5128659009933472,7108
205,car,0.5033565163612366,2500
205,car,0.502399206161499,5836
205,car,0.4888666868209839,24266
205,car,0.47659698128700256,12211
205,truck,0.41561177372932434,18124
205,truck,0.38422155380249023,12271
205,car,0.3668372631072998,7612
205,person,0.3522278368473053,1318
205,truck,0.34281864762306213,13162
205,car,0.3416614532470703,5986
205,car,0.33605048060417175,3067
205,car,0.32923075556755066,1162
205,car,0.31006920337677,2179
205,car,0.2933860719203949,12424
205,motorcycle,0.2814539074897766,2539
205,car,0.2802142798900604,3016
205,person,0.27916455268859863,2218
205,truck,0.2683086693286896,5977
205,car,0.25877299904823303,4672
206,bus,0.9403806328773499,75385
206,car,0.8807363510131836,42493
206,car,0.8138075470924377,13963
206,car,0.8005170226097107,38758
206,person,0.7433446049690247,2851
206,car,0.7385537028312683,20209
206,car,0.7182466983795166,12304
206,car,0.7052096128463745,38362
206,car,0.6924982666969299,16600
206,car,0.6635708808898926,7906
206,car,0.6268054842948914,2779
206,person,0.6265690326690674,2632
206,car,0.6077403426170349,2500
206,person,0.5789177417755127,1624
206,car,0.5742369294166565,5906
206,motorcycle,0.5649496912956238,2395
206,umbrella,0.5644248723983765,2482
206,car,0.5393171310424805,29035
206,car,0.4965170621871948,12256
206,car,0.4850781559944153,24200
206,car,0.45589637756347656,6274
206,truck,0.4435134530067444,17881
206,motorcycle,0.4400389790534973,2299
206,person,0.4351043403148651,2983
206,car,0.42280083894729614,6469
206,car,0.40933385491371155,7027
206,truck,0.3895152807235718,13117
206,car,0.3887566328048706,3529
206,car,0.3884143531322479,3733
206,car,0.37248751521110535,7612
206,car,0.32295510172843933,1444
206,truck,0.316511869430542,12334
206,car,0.30848219990730286,2971
206,truck,0.29903706908226013,28918
206,person,0.29266369342803955,2299
206,person,0.2547460198402405,1657
207,bus,0.9404727816581726,75394
207,car,0.8805010914802551,42493
207,car,0.8133102655410767,13963
207,car,0.8003263473510742,38740
207,person,0.7426555156707764,2851
207,car,0.7379080653190613,20209
207,car,0.7184045910835266,12304
207,car,0.7098007798194885,38398
207,car,0.6908873915672302,16600
207,car,0.6631686091423035,7906
207,person,0.6274022459983826,2623
207,car,0.6256982088088989,2779
207,car,0.6066874265670776,2500
207,person,0.5786595940589905,1633
207,car,0.5732345581054688,5906
207,motorcycle,0.5634839534759521,2395
207,umbrella,0.5548984408378601,2482
207,car,0.5409479737281799,29035
207,car,0.4946679174900055,12256
207,car,0.48438048362731934,24218
207,car,0.4555164575576782,6274
207,truck,0.4429456889629364,17872
207,motorcycle,0.4390229284763336,2299
207,person,0.4357381761074066,2983
207,car,0.4224100708961487,6469
207,car,0.4078234136104584,7027
207,truck,0.38921213150024414,13108
207,car,0.38839131593704224,3733
207,car,0.38836029171943665,3529
207,car,0.3722396194934845,7612
207,car,0.3223651647567749,1444
207,truck,0.31804680824279785,12334
207,car,0.30774733424186707,2971
207,truck,0.29590579867362976,28900
207,person,0.2939210832118988,2299
207,person,0.2547990083694458,1657
208,bus,0.9433139562606812,70909
208,car,0.855892539024353,42455
208,car,0.7851786017417908,39466
208,person,0.7639698386192322,2596
208,car,0.7539187073707581,20131
208,car,0.7182496190071106,13345
208,car,0.7056574821472168,8335
208,car,0.7017607092857361,16693
208,umbrella,0.6991387605667114,2833
208,car,0.6865545511245728,13381
208,car,0.631378173828125,2296
208,person,0.6271558403968811,2482
208,car,0.6263701319694519,38353
208,car,0.5868655443191528,6106
208,car,0.5835543274879456,3583
208,car,0.5798932313919067,5906
208,car,0.5645015239715576,2356
208,person,0.5406493544578552,1462
208,car,0.5228904485702515,12301
208,car,0.5019089579582214,5545
208,car,0.49866414070129395,7249
208,car,0.4801305830478668,3877
208,car,0.47868821024894714,24155
208,truck,0.4358542561531067,17749
208,truck,0.42077022790908813,30085
208,car,0.4143127202987671,7567
208,car,0.3980197310447693,3253
208,motorcycle,0.3859841525554657,2589
208,truck,0.3786405920982361,13198
208,car,0.3742772936820984,29905
208,car,0.35377469658851624,1444
208,motorcycle,0.33329278230667114,2081
208,person,0.3316648602485657,2788
208,truck,0.31783047318458557,12334
208,person,0.3015007972717285,1666
208,person,0.2908024489879608,2638
209,bus,0.9408957958221436,66115
209,car,0.8716774582862854,41981
209,car,0.8132625222206116,12670
209,car,0.7821763157844543,38893
209,person,0.7684572339057922,2764
209,car,0.7576970458030701,20182
209,car,0.6874684691429138,16798
209,person,0.6330150961875916,3415
209,umbrella,0.631534993648529,2437
209,car,0.6313490867614746,11977
209,car,0.6000630259513855,38182
209,car,0.5769518613815308,23945
209,car,0.5703742504119873,5888
209,car,0.5636418461799622,3361
209,car,0.5390403866767883,8863
209,car,0.5106450915336609,6442
209,person,0.508502721786499,1669
209,person,0.5015738010406494,3232
209,car,0.5000532269477844,4915
209,motorcycle,0.49612143635749817,2503
209,car,0.4856043756008148,2194
209,car,0.48514673113822937,3916
209,truck,0.4765298366546631,17488
209,car,0.4579184055328369,31273
209,car,0.4552675485610962,12253
209,truck,0.44969525933265686,13108
209,car,0.4340239465236664,7249
209,car,0.43091320991516113,3976
209,truck,0.40941277146339417,31579
209,truck,0.38219571113586426,12298
209,car,0.3627193570137024,1444
209,car,0.3507186770439148,7468
209,person,0.33431729674339294,1675
209,car,0.2637544870376587,3676
209,motorcycle,0.25827085971832275,2320
209,person,0.25641322135925293,3709
210,bus,0.9401663541793823,66877
210,car,0.8718931674957275,41972
210,car,0.8133501410484314,12670
210,car,0.7819106578826904,38902
210,person,0.7686557173728943,2764
210,car,0.7576997876167297,20182
210,car,0.6872310638427734,16783
210,person,0.6330865025520325,3415
210,car,0.6329146027565002,11986
210,umbrella,0.631581723690033,2437
210,car,0.6020659804344177,38191
210,car,0.5774832367897034,23945
210,car,0.5711628198623657,5888
210,car,0.5641840696334839,3361
210,car,0.5385989546775818,8863
210,car,0.5107441544532776,6442
210,person,0.508529007434845,1669
210,person,0.5018625855445862,3232
210,car,0.4997333586215973,4915
210,motorcycle,0.4962555170059204,2503
210,car,0.48534366488456726,3916
210,car,0.4852379858493805,2194
210,truck,0.47881799936294556,17548
210,car,0.45940884947776794,31237
210,car,0.4551817774772644,12262
210,truck,0.4521400034427643,13099
210,car,0.4341296851634979,7258
210,car,0.43119028210639954,3976
210,truck,0.4088153839111328,31579
210,truck,0.3822883367538452,12298
210,car,0.36213430762290955,1444
210,car,0.35179486870765686,7468
210,person,0.33446362614631653,1675
210,car,0.26347798109054565,3676
210,motorcycle,0.2578217685222626,2320
210,person,0.2566063106060028,3718
211,bus,0.9288784265518188,63628
211,car,0.8161653876304626,40109
211,car,0.7985237240791321,12322
211,car,0.7915748357772827,38920
211,car,0.7641974687576294,20140
211,person,0.6864936947822571,2887
211,car,0.6815689206123352,17149
211,umbrella,0.6762044429779053,2374
211,car,0.6715332269668579,3361
211,car,0.6550121307373047,11950
211,car,0.6277288198471069,8902
211,car,0.6231278777122498,6097
211,car,0.61622554063797,38122
211,car,0.6087542772293091,32929
211,car,0.5937848687171936,24122
211,car,0.579179584980011,5888
211,car,0.571816623210907,4084
211,person,0.5606355667114258,3562
211,person,0.5184788703918457,2201
211,motorcycle,0.5075150728225708,2774
211,person,0.4740111827850342,4052
211,car,0.4707927107810974,12253
211,car,0.4629782736301422,2239
211,car,0.4588836133480072,7258
211,car,0.4510665833950043,4846
211,car,0.44666123390197754,3268
211,truck,0.4223136305809021,17800
211,truck,0.4131433069705963,13135
211,person,0.3960835039615631,1684
211,car,0.3641291558742523,7459
211,truck,0.3603956997394562,12289
211,car,0.35106587409973145,17746
211,car,0.2670982778072357,1300
211,clock,0.2648409307003021,5905
211,person,0.2579503357410431,3827
212,bus,0.9271883964538574,58093
212,car,0.8250065445899963,38006
212,car,0.7703388333320618,11245
212,car,0.7297840714454651,21322
212,car,0.7171903252601624,3547
212,car,0.7072800993919373,39583
212,car,0.6952064633369446,8371
212,person,0.6869524121284485,2356
212,car,0.6730508208274841,17104
212,car,0.6229029893875122,38077
212,person,0.60797518491745,2698
212,car,0.6045407056808472,4444
212,car,0.5881475210189819,11359
212,car,0.5656695365905762,6673
212,car,0.5354465842247009,5834
212,person,0.5010242462158203,1924
212,car,0.47507402300834656,24380
212,car,0.47344204783439636,3268
212,truck,0.45904210209846497,12319
212,car,0.4519553780555725,4744
212,car,0.4469759166240692,7309
212,car,0.42833369970321655,12301
212,car,0.42633259296417236,1594
212,truck,0.4184931814670563,34753
212,motorcycle,0.4131584167480469,3343
212,person,0.4103112816810608,1711
212,person,0.38945838809013367,3481
212,truck,0.3760947287082672,17374
212,person,0.36847802996635437,3630
212,truck,0.36552295088768005,13270
212,car,0.35666030645370483,7468
212,motorcycle,0.3525174558162689,2629
212,car,0.3456725776195526,17392
212,car,0.3341478407382965,34555
212,truck,0.3217434287071228,39646
212,car,0.25804975628852844,13126
213,bus,0.9271724224090576,58060
213,car,0.8268986344337463,38015
213,car,0.7698339223861694,11245
213,car,0.7297839522361755,21322
213,car,0.7173235416412354,3547
213,car,0.7073651552200317,39583
213,car,0.6950736045837402,8371
213,person,0.686961829662323,2356
213,car,0.6732152700424194,17104
213,car,0.6232560873031616,38077
213,person,0.6080079674720764,2698
213,car,0.6046605110168457,4444
213,car,0.5876172780990601,11359
213,car,0.5659030079841614,6673
213,car,0.5357490181922913,5834
213,person,0.5010070204734802,1924
213,car,0.4758487343788147,24371
213,car,0.47335949540138245,3268
213,truck,0.4594409167766571,12319
213,car,0.45214956998825073,4744
213,car,0.44702017307281494,7309
213,car,0.4282143712043762,12301
213,car,0.42629754543304443,1594
213,truck,0.418436199426651,34753
213,motorcycle,0.41319695115089417,3343
213,person,0.41039350628852844,1711
213,person,0.3895969092845917,3481
213,truck,0.37619078159332275,17374
213,person,0.37151584029197693,3639
213,truck,0.3655349314212799,13270
213,car,0.3563385605812073,7468
213,motorcycle,0.35285088419914246,2629
213,car,0.3457772731781006,17392
213,car,0.3344622254371643,34555
213,car,0.25793617963790894,13126
214,bus,0.9204827547073364,56995
214,car,0.7606468796730042,11797
214,car,0.7469030618667603,36110
214,car,0.7385343313217163,21307
214,car,0.7321258187294006,7858
214,car,0.7185162901878357,39448
214,car,0.7016182541847229,16798
214,person,0.6967531442642212,2668
214,car,0.6412873268127441,38014
214,car,0.6364498138427734,4846
214,person,0.6081451773643494,2482
214,car,0.5947797894477844,3373
214,car,0.57408207654953,7498
214,car,0.5480718016624451,5798
214,car,0.5320996046066284,34975
214,person,0.5169963836669922,3742
214,car,0.4780009686946869,24335
214,person,0.4774045944213867,1498
214,car,0.4721526801586151,5017
214,car,0.46899479627609253,12292
214,car,0.45299482345581055,7246
214,car,0.4416048228740692,9862
214,car,0.42412155866622925,2953
214,truck,0.4087566137313843,17398
214,truck,0.4083597660064697,12292
214,person,0.40254268050193787,1711
214,car,0.39078739285469055,1741
214,motorcycle,0.3718886375427246,1564
214,truck,0.3612630367279053,13315
214,car,0.32237619161605835,7531
214,motorcycle,0.3178235590457916,2845
214,person,0.2855560779571533,3445
214,umbrella,0.27853795886039734,2641
214,car,0.2624150812625885,13072
215,bus,0.928054928779602,52921
215,car,0.7535447478294373,9598
215,car,0.7338573932647705,21331
215,car,0.7269899845123291,11122
215,car,0.7098278403282166,39196
215,car,0.6864041090011597,16555
215,person,0.6723195910453796,2656
215,motorcycle,0.6636049747467041,2356
215,car,0.6317427158355713,2806
215,person,0.6250328421592712,2554
215,car,0.6202542185783386,40126
215,car,0.5956635475158691,38227
215,person,0.58934086561203,2632
215,person,0.5850082635879517,3040
215,car,0.567724347114563,4750
215,car,0.5442589521408081,5825
215,car,0.5378158092498779,23951
215,car,0.4653565287590027,4918
215,car,0.4607706367969513,10780
215,car,0.4602551758289337,12508
215,truck,0.43141791224479675,13135
215,car,0.4259530305862427,7384
215,car,0.4191543757915497,6859
215,truck,0.4175429046154022,12370
215,person,0.4124857485294342,1711
215,car,0.3732360899448395,33596
215,truck,0.3688710927963257,16222
215,car,0.347896546125412,17023
215,person,0.3281500041484833,2728
215,car,0.3136993944644928,3088
215,car,0.3135274350643158,1732
215,car,0.2904401123523712,7603
215,truck,0.2864311635494232,2719
216,bus,0.9286770820617676,52930
216,car,0.7538288831710815,9589
216,car,0.7336809039115906,20218
216,car,0.7266178131103516,11122
216,car,0.7106295824050903,39196
216,car,0.6866188049316406,16555
216,person,0.6715764999389648,2656
216,motorcycle,0.6626995205879211,2347
216,car,0.6318385601043701,2806
216,person,0.6247363686561584,2554
216,car,0.6207463145256042,40135
216,car,0.5980609655380249,38218
216,person,0.58863365650177,2632
216,person,0.5854924917221069,3040
216,car,0.571318507194519,4750
216,car,0.5430545806884766,5825
216,car,0.5358372926712036,23951
216,car,0.46668869256973267,4918
216,car,0.4607754051685333,12508
216,car,0.46006911993026733,10789
216,truck,0.4300602078437805,13135
216,car,0.42764613032341003,7384
216,car,0.4179456830024719,6859
216,truck,0.41614261269569397,12361
216,person,0.4129563868045807,1711
216,truck,0.37180453538894653,16222
216,car,0.3705061674118042,33596
216,car,0.34533461928367615,17014
216,person,0.3264572024345398,2728
216,car,0.3140072822570801,3088
216,car,0.31368744373321533,1732
216,car,0.29027533531188965,7603
216,truck,0.2862641513347626,2719
217,bus,0.9363889694213867,51046
217,car,0.7589176297187805,9505
217,car,0.7498924136161804,20218
217,car,0.7430809140205383,9982
217,car,0.7077603340148926,39079
217,car,0.7062088251113892,16645
217,car,0.692932665348053,2956
217,car,0.6496142148971558,42493
217,car,0.6392406225204468,38137
217,person,0.6328640580177307,3358
217,motorcycle,0.6321362257003784,2801
217,person,0.6260164976119995,3526
217,car,0.6184382438659668,7384
217,car,0.6114850640296936,4837
217,person,0.5982004404067993,1738
217,car,0.5912346243858337,9592
217,car,0.5679755806922913,5834
217,car,0.5408179759979248,24029
217,person,0.5263524055480957,3442
217,car,0.5128554105758667,12265
217,car,0.5026402473449707,7237
217,car,0.4924454987049103,1723
217,car,0.44122809171676636,4129
217,car,0.42432481050491333,31181
217,person,0.42289721965789795,1711
217,truck,0.41541746258735657,13135
217,car,0.39281395077705383,17059
217,truck,0.3830243647098541,12265
217,car,0.38151177763938904,3121
217,person,0.37878939509391785,2788
217,truck,0.327396035194397,39169
217,car,0.32229557633399963,7603
217,truck,0.32211536169052124,16297
217,person,0.30870118737220764,2005
217,person,0.2834798991680145,3892
217,car,0.26989424228668213,1174
218,bus,0.9344910979270935,47287
218,car,0.7602609395980835,38980
218,car,0.7601186037063599,20416
218,car,0.7355085611343384,9943
218,car,0.7149825096130371,5878
218,car,0.7061479091644287,16783
218,car,0.7037392258644104,10324
218,person,0.6841185092926025,3508
218,motorcycle,0.6624321341514587,2224
218,person,0.6151197552680969,4144
218,car,0.6060583591461182,3547
218,car,0.600731611251831,9283
218,car,0.5899813771247864,7579
218,person,0.5893236994743347,2578
218,car,0.5746006965637207,37948
218,car,0.5716496706008911,5798
218,car,0.5634365677833557,45073
218,person,0.5625938177108765,1543
218,car,0.558454692363739,7258
218,car,0.5346832275390625,12265
218,person,0.4963241219520569,1678
218,car,0.42187467217445374,26186
218,car,0.421499103307724,24086
218,car,0.4146686792373657,3316
218,car,0.41255292296409607,17143
218,truck,0.4015943109989166,13225
218,truck,0.3772602081298828,37852
218,truck,0.35533472895622253,12247
218,car,0.33456742763519287,4570
218,truck,0.33301568031311035,16426
218,car,0.32859545946121216,7576
218,person,0.3244847059249878,3632
218,person,0.28329387307167053,3160
219,bus,0.9344078302383423,47269
219,car,0.7603137493133545,20452
219,car,0.7595828771591187,38962
219,car,0.7360254526138306,9943
219,car,0.7152602672576904,5878
219,car,0.7060826420783997,16783
219,car,0.7043578624725342,10324
219,person,0.685337483882904,3508
219,motorcycle,0.6625275015830994,2233
219,person,0.6166759133338928,4144
219,car,0.6062517166137695,3547
219,car,0.6022351384162903,9283
219,person,0.5914453268051147,2578
219,car,0.5903568267822266,7579
219,car,0.5768334269523621,37957
219,car,0.5740975141525269,5798
219,car,0.5639886856079102,45073
219,person,0.5622115135192871,1543
219,car,0.5582228302955627,7258
219,car,0.5339969396591187,12265
219,person,0.49596458673477173,1678
219,car,0.4328707754611969,24029
219,car,0.42389461398124695,26186
219,car,0.4141615629196167,3316
219,car,0.4118165671825409,17143
219,truck,0.4029998183250427,13225
219,truck,0.37506088614463806,37861
219,truck,0.3585439920425415,12247
219,car,0.33580419421195984,4570
219,truck,0.3336867690086365,16426
219,car,0.3293820023536682,7576
219,person,0.32350555062294006,3632
219,person,0.2800293564796448,3151
220,bus,0.9284358024597168,45049
220,car,0.8093736171722412,9022
220,car,0.7839208841323853,20407
220,car,0.7570738792419434,38917
220,car,0.7502450346946716,5491
220,car,0.7277462482452393,16666
220,car,0.7067741751670837,9580
220,car,0.6902995109558105,23108
220,person,0.6788695454597473,3229
220,person,0.6662886142730713,2818
220,car,0.6506727337837219,7288
220,person,0.6152388453483582,1984
220,car,0.6121588945388794,47314
220,person,0.6108823418617249,4252
220,car,0.5982530117034912,3700
220,car,0.5911735892295837,5825
220,car,0.588478147983551,7168
220,car,0.5797553658485413,10195
220,car,0.5726083517074585,37939
220,car,0.5362386107444763,12283
220,person,0.5303184986114502,1687
220,motorcycle,0.5079051852226257,1972
220,car,0.4824545979499817,2818
220,car,0.47403207421302795,17356
220,person,0.4615154266357422,4291
220,car,0.4360424876213074,24041
220,truck,0.41430896520614624,13198
220,car,0.41426312923431396,4720
220,car,0.34088608622550964,7657
220,truck,0.33456066250801086,16762
220,truck,0.3246270716190338,12274
220,truck,0.26948702335357666,2458
220,truck,0.2539144456386566,37339
221,bus,0.9254683256149292,43264
221,car,0.7827374935150146,38845
221,car,0.7748814821243286,51110
221,car,0.7697323560714722,20398
221,car,0.7507268190383911,9103
221,car,0.7007215023040771,16765
221,person,0.6928377747535706,3136
221,car,0.6909378170967102,5368
221,car,0.6598775386810303,8503
221,car,0.6505392789840698,7987
221,car,0.6134931445121765,11518
221,person,0.608185887336731,3457
221,person,0.6061835885047913,4393
221,car,0.5946574807167053,16829
221,car,0.5864320993423462,7291
221,car,0.5851973295211792,5717
221,car,0.5690991282463074,37750
221,person,0.5637852549552917,1690
221,motorcycle,0.562720537185669,3433
221,car,0.5418140292167664,12238
221,person,0.5378404259681702,1738
221,car,0.4763045907020569,15685
221,car,0.47147098183631897,7055
221,truck,0.46652305126190186,13117
221,car,0.4640232026576996,24011
221,car,0.4493856728076935,3286
221,car,0.3892149329185486,4414
221,car,0.3859110474586487,3220
221,truck,0.3405117690563202,37465
221,truck,0.3317022919654846,15097
221,car,0.2910243570804596,7567
221,car,0.27151528000831604,3385
221,car,0.2514144778251648,1330
222,bus,0.9256061911582947,43264
222,car,0.7794387936592102,38836
222,car,0.7752668857574463,51101
222,car,0.7702838778495789,20389
222,car,0.74957674741745,9103
222,car,0.6980497241020203,16783
222,person,0.691593587398529,3136
222,car,0.6902667284011841,5368
222,car,0.658829927444458,8503
222,car,0.6491940021514893,7987
222,car,0.6116220355033875,11518
222,person,0.6083483695983887,3457
222,person,0.6030610203742981,4393
222,car,0.5896928906440735,5753
222,car,0.5888351798057556,16829
222,car,0.5820297002792358,7300
222,car,0.5661154985427856,37759
222,motorcycle,0.5641171336174011,3433
222,person,0.5621271729469299,1690
222,car,0.541547417640686,12238
222,person,0.5361992120742798,1738
222,car,0.4731564521789551,15658
222,car,0.47112566232681274,24002
222,car,0.4707392454147339,7055
222,truck,0.46761468052864075,13117
222,car,0.44799375534057617,3286
222,car,0.3864947259426117,4414
222,car,0.3852446973323822,3220
222,truck,0.34099680185317993,37492
222,truck,0.334232360124588,15079
222,truck,0.3257744610309601,12229
222,car,0.2884017825126648,7522
222,car,0.27091479301452637,3385
223,bus,0.9272050857543945,40003
223,car,0.8154159784317017,49940
223,car,0.7851240634918213,38809
223,car,0.7479251027107239,20443
223,person,0.7209445238113403,3196
223,car,0.7203935384750366,8662
223,car,0.6911599636077881,10840
223,car,0.688427209854126,16675
223,car,0.6710711121559143,5602
223,car,0.6613494753837585,7867
223,car,0.6171942353248596,12088
223,car,0.6019036769866943,8656
223,car,0.5858205556869507,11273
223,car,0.5846762657165527,5717
223,car,0.5782824754714966,12202
223,car,0.5772363543510437,7345
223,car,0.5517199039459229,37984
223,person,0.5512756109237671,4156
223,person,0.5227711796760559,1738
223,car,0.4787619411945343,3277
223,car,0.4678015410900116,24155
223,truck,0.4646194279193878,13135
223,car,0.45303377509117126,15505
223,person,0.4014935791492462,2998
223,car,0.3963184952735901,4654
223,car,0.37111225724220276,3418
223,truck,0.3531222343444824,14947
223,truck,0.3468778431415558,37735
223,person,0.31542593240737915,2887
223,car,0.2961968779563904,1285
223,person,0.2891787886619568,1984
223,car,0.28499501943588257,7747
223,car,0.27151015400886536,4756
224,bus,0.934271514415741,39967
224,car,0.7614394426345825,38962
224,car,0.751501739025116,8239
224,car,0.7359530329704285,20383
224,car,0.7297234535217285,49163
224,car,0.7137604355812073,4990
224,car,0.7109528183937073,16720
224,car,0.6647226214408875,12277
224,car,0.6592265963554382,7291
224,person,0.6453506350517273,3193
224,person,0.593691885471344,2653
224,car,0.5900328755378723,8458
224,car,0.5838586688041687,19774
224,car,0.5812628269195557,3319
224,motorcycle,0.5719796419143677,3286
224,car,0.5702258944511414,5735
224,car,0.5684717297554016,12238
224,person,0.5123457312583923,1729
224,person,0.5035200119018555,2551
224,truck,0.4623815715312958,38023
224,car,0.4604978859424591,3760
224,car,0.4559476673603058,15649
224,car,0.45313847064971924,5723
224,person,0.443530410528183,2119
224,truck,0.43647482991218567,13054
224,car,0.42645445466041565,38281
224,car,0.42105093598365784,24002
224,truck,0.3647416830062866,8557
224,car,0.3627477288246155,8575
224,truck,0.3479914367198944,15157
224,truck,0.3454766273498535,12220
224,car,0.3022252321243286,7612
224,person,0.283619225025177,3052
224,person,0.2589174211025238,4725
224,car,0.25706207752227783,2734
224,truck,0.252358615398407,24116
224,car,0.2512476444244385,4138
225,bus,0.934147298336029,39769
225,car,0.7801814079284668,49145
225,car,0.7622803449630737,8257
225,car,0.7574307918548584,16702
225,car,0.7436574101448059,20335
225,car,0.7340412735939026,39034
225,car,0.7105919718742371,4663
225,car,0.6963735818862915,12241
225,person,0.6679022312164307,3016
225,car,0.654432475566864,7312
225,car,0.583227276802063,5753
225,car,0.5755922794342041,12103
225,person,0.5524781942367554,1747
225,person,0.5405811071395874,2458
225,car,0.5397036671638489,3283
225,person,0.5361407995223999,3130
225,car,0.5331946611404419,8545
225,motorcycle,0.5094173550605774,3277
225,car,0.4931762218475342,38236
225,car,0.4782869517803192,15604
225,truck,0.4558539390563965,13018
225,car,0.45341914892196655,5786
225,truck,0.41719165444374084,8584
225,person,0.41350796818733215,2083
225,car,0.4063316583633423,23777
225,car,0.3924151360988617,19756
225,motorcycle,0.3879201114177704,3658
225,car,0.3715842366218567,3823
225,truck,0.3681984543800354,37915
225,truck,0.323568731546402,23822
225,car,0.31999191641807556,8584
225,car,0.31507331132888794,7351
225,truck,0.2521454095840454,2650
226,bus,0.9285110235214233,37615
226,car,0.8243196606636047,39034
226,car,0.8209201097488403,48359
226,car,0.8021003007888794,23657
226,car,0.7639864683151245,5152
226,car,0.7586667537689209,16711
226,car,0.75355464220047,20425
226,car,0.7510111927986145,12742
226,car,0.668328046798706,7231
226,person,0.6677974462509155,2923
226,car,0.6403313279151917,7525
226,car,0.6358627080917358,9166
226,motorcycle,0.5918554067611694,3098
226,car,0.5835363268852234,5735
226,car,0.5673345923423767,38398
226,car,0.5642980933189392,12202
226,car,0.535911500453949,3070
226,person,0.5129542946815491,1756
226,person,0.4990150034427643,2908
226,car,0.48737162351608276,7921
226,car,0.47659197449684143,15487
226,car,0.4699193239212036,23762
226,person,0.4578055739402771,2287
226,truck,0.4478957951068878,13072
226,person,0.4081017076969147,2956
226,person,0.3708309233188629,4752
226,car,0.3683737516403198,3733
226,person,0.3252374231815338,2530
226,car,0.30394604802131653,3994
226,car,0.29408133029937744,7369
226,person,0.282954603433609,2689
226,truck,0.2825765907764435,38203
226,truck,0.2701679468154907,4609
226,car,0.2634499669075012,3043
227,bus,0.9235455989837646,35899
227,car,0.8563488125801086,46328
227,car,0.8209505081176758,29240
227,car,0.7719025611877441,11929
227,car,0.7633098363876343,20452
227,car,0.7514163255691528,16699
227,car,0.7369846105575562,5746
227,car,0.7136297821998596,39043
227,person,0.6851510405540466,2629
227,car,0.6654111742973328,7177
227,car,0.6593998670578003,7351
227,car,0.6361861228942871,7975
227,motorcycle,0.6249948143959045,3436
227,person,0.6232993602752686,3715
227,car,0.5985531806945801,3529
227,car,0.588510274887085,12247
227,person,0.5814867615699768,2302
227,car,0.5695114135742188,5726
227,car,0.5533595681190491,8809
227,person,0.5468433499336243,1756
227,car,0.5052796006202698,15127
227,car,0.503800630569458,38704
227,car,0.4831317067146301,3631
227,truck,0.42444750666618347,13045
227,person,0.40993595123291016,2767
227,car,0.4002804756164551,23759
227,person,0.3571215867996216,4734
227,person,0.3121131658554077,3175
227,car,0.3115137219429016,7387
227,truck,0.3007810413837433,4537
227,umbrella,0.291137158870697,1591
227,truck,0.28536102175712585,3241
227,truck,0.26543691754341125,38392
227,bus,0.2514214813709259,3241
228,bus,0.9235630631446838,35899
228,car,0.856007993221283,46337
228,car,0.819833517074585,29258
228,car,0.7699140906333923,11920
228,car,0.7548290491104126,20443
228,car,0.7472372651100159,16708
228,car,0.7373908162117004,5746
228,car,0.7093527317047119,39016
228,person,0.6848651766777039,2629
228,car,0.6673979163169861,7177
228,car,0.6589754819869995,7351
228,car,0.6423771977424622,7975
228,motorcycle,0.6303613781929016,4174
228,person,0.6268237233161926,3706
228,car,0.5992463827133179,3538
228,car,0.5862957239151001,12247
228,person,0.5832151770591736,2302
228,car,0.5669510960578918,5726
228,car,0.5544416308403015,8809
228,person,0.5508485436439514,1756
228,car,0.5028177499771118,38704
228,car,0.5022978186607361,15100
228,car,0.484296590089798,3640
228,person,0.475630521774292,4722
228,truck,0.42282047867774963,13045
228,person,0.40305039286613464,2767
228,car,0.39031583070755005,23885
228,person,0.30859798192977905,3166
228,truck,0.30436453223228455,4537
228,car,0.30342307686805725,7414
228,truck,0.2803150415420532,3241
228,umbrella,0.27546626329421997,1591
228,truck,0.2747238278388977,38347
228,bus,0.2554234266281128,3241
229,bus,0.9264822006225586,34726
229,car,0.8513494729995728,33356
229,car,0.7913406491279602,44993
229,car,0.7757444381713867,20479
229,car,0.7620430588722229,12958
229,car,0.744949996471405,16876
229,car,0.7196685671806335,5425
229,car,0.7024917602539062,39016
229,person,0.6854971051216125,4713
229,car,0.6816318035125732,7582
229,person,0.6689253449440002,3118
229,car,0.6524729132652283,38767
229,motorcycle,0.6231111884117126,3499
229,car,0.6209473609924316,7168
229,car,0.6071428656578064,7687
229,car,0.6025374531745911,12265
229,person,0.5862540602684021,3586
229,car,0.5710071921348572,5717
229,car,0.5688034296035767,3760
229,car,0.4996841251850128,9301
229,person,0.4964534044265747,1756
229,car,0.47350308299064636,14956
229,person,0.4580267667770386,2080
229,truck,0.4394516348838806,13027
229,person,0.40270331501960754,3613
229,car,0.40154093503952026,23900
229,car,0.36267590522766113,3772
229,truck,0.3452349305152893,3790
229,truck,0.3424282670021057,3103
229,truck,0.33925822377204895,4465
229,car,0.31042641401290894,2101
229,person,0.2950262427330017,3184
229,car,0.28074607253074646,7369
229,car,0.25535687804222107,1900
230,bus,0.9414148926734924,30559
230,car,0.8463254570960999,38276
230,car,0.8167608976364136,43952
230,car,0.8042477965354919,20551
230,car,0.7601044178009033,16840
230,car,0.7480748891830444,7474
230,car,0.7397390007972717,14050
230,car,0.727581799030304,6865
230,car,0.6865741014480591,7114
230,car,0.681666910648346,9529
230,car,0.6593719720840454,39070
230,car,0.659042477607727,38416
230,car,0.5969161987304688,7048
230,car,0.5965676307678223,2374
230,car,0.5932786464691162,12220
230,car,0.5895355939865112,5771
230,motorcycle,0.5711885690689087,3586
230,person,0.5709431171417236,3208
230,person,0.5470041632652283,2056
230,person,0.5174302458763123,1687
230,person,0.5095239877700806,2923
230,car,0.4962472915649414,14464
230,car,0.4500299096107483,4198
230,car,0.4267587959766388,23804
230,truck,0.4154627323150635,13063
230,person,0.3756297826766968,4680
230,truck,0.31934165954589844,4537
230,car,0.3031620383262634,7495
230,car,0.2861965000629425,3376
230,car,0.2692966163158417,1720
230,person,0.2572607696056366,4219
231,bus,0.9411776065826416,30595
231,car,0.8480473756790161,38276
231,car,0.8207153677940369,43952
231,car,0.8091873526573181,20602
231,car,0.7666937112808228,16840
231,car,0.7485937476158142,7474
231,car,0.7430907487869263,14050
231,car,0.7297295928001404,6910
231,car,0.6884527802467346,7114
231,car,0.6864208579063416,9538
231,car,0.6620975732803345,39070
231,car,0.6601207852363586,38371
231,car,0.6072450876235962,12229
231,car,0.6006189584732056,2374
231,car,0.5997284650802612,7048
231,car,0.5883485078811646,5726
231,person,0.5791987180709839,4087
231,motorcycle,0.5737760663032532,3571
231,person,0.5489609241485596,2056
231,person,0.5302233695983887,1687
231,person,0.5178040862083435,2932
231,car,0.5002861022949219,14632
231,car,0.4547532796859741,4198
231,car,0.4222731292247772,23795
231,truck,0.40909868478775024,13063
231,person,0.36598771810531616,4689
231,truck,0.31580013036727905,4537
231,car,0.3061484098434448,7486
231,car,0.29254603385925293,3376
231,car,0.27033284306526184,1720
231,person,0.2639951705932617,4255
232,bus,0.9445251226425171,31402
232,car,0.8492587804794312,42863
232,car,0.8408198952674866,14665
232,car,0.786309003829956,41213
232,car,0.7720698118209839,20668
232,car,0.7686662077903748,7429
232,car,0.7040978670120239,16840
232,car,0.7011656761169434,39196
232,car,0.6668659448623657,7060
232,car,0.6493040323257446,38137
232,car,0.6286191344261169,7363
232,motorcycle,0.6147435307502747,3400
232,car,0.6139439940452576,9376
232,car,0.606549084186554,3319
232,car,0.5850749611854553,12166
232,car,0.5749127864837646,5717
232,person,0.5479255318641663,2410
232,car,0.5196385979652405,7144
232,person,0.4989789128303528,1738
232,person,0.4559151828289032,4629
232,person,0.45242229104042053,3370
232,car,0.438973605632782,14452
232,truck,0.434910386800766,13027
232,person,0.4315972924232483,3100
232,car,0.40781369805336,24128
232,car,0.38364365696907043,4153
232,truck,0.3646957576274872,4510
232,car,0.36373353004455566,1330
232,car,0.34551718831062317,3559
232,car,0.2986290156841278,7441
232,person,0.27196890115737915,4360
233,bus,0.9421979784965515,28216
233,car,0.8951830267906189,39137
233,car,0.8590363264083862,15946
233,car,0.7974547147750854,20521
233,car,0.786815345287323,6730
233,car,0.7634562849998474,43049
233,car,0.7244318723678589,39196
233,car,0.6750929951667786,6805
233,car,0.6663544178009033,16912
233,motorcycle,0.647537350654602,3961
233,person,0.6459631323814392,4279
233,car,0.6438874006271362,38227
233,car,0.6432772278785706,10726
233,car,0.6341145634651184,2296
233,car,0.607149600982666,6637
233,car,0.6064052581787109,12148
233,person,0.5923489928245544,2614
233,person,0.5498184561729431,3295
233,car,0.5452489256858826,5735
233,car,0.5265687108039856,6313
233,person,0.4467557668685913,1729
233,person,0.43992555141448975,4773
233,car,0.4234282076358795,3994
233,truck,0.3603486120700836,13117
233,car,0.35536980628967285,14713
233,car,0.3486558496952057,24173
233,truck,0.3156757354736328,4420
233,car,0.3095305860042572,7423
233,person,0.30491456389427185,5000
233,truck,0.27604904770851135,2197
234,bus,0.9421812295913696,28216
234,car,0.8951048254966736,39137
234,car,0.8591005206108093,15982
234,car,0.796747088432312,20512
234,car,0.7867714762687683,6730
234,car,0.7610195279121399,43040
234,car,0.7235885262489319,39196
234,car,0.6749871969223022,6805
234,car,0.6667726635932922,16912
234,person,0.6471869945526123,4279
234,motorcycle,0.6469705104827881,3916
234,car,0.6432785987854004,38218
234,car,0.6427699327468872,10726
234,car,0.6331219673156738,2296
234,car,0.6067640781402588,6637
234,car,0.6060932278633118,12148
234,person,0.5914419889450073,2614
234,person,0.5490825772285461,3295
234,car,0.5444701910018921,5735
234,car,0.5266019105911255,6313
234,person,0.44780024886131287,1729
234,person,0.44097957015037537,4773
234,car,0.42315244674682617,3994
234,truck,0.36100563406944275,13117
234,car,0.35502010583877563,14713
234,car,0.3470965325832367,24173
234,truck,0.31582406163215637,4420
234,car,0.3080836534500122,7423
234,person,0.3048830032348633,5000
234,truck,0.27610188722610474,2197
235,bus,0.938003420829773,27541
235,car,0.8908889889717102,36974
235,car,0.8384928107261658,15829
235,car,0.7774896025657654,6490
235,car,0.7710744142532349,20317
235,car,0.7366800308227539,39214
235,car,0.7207946181297302,38596
235,person,0.7007448673248291,3949
235,car,0.6744793653488159,16885
235,car,0.6640163064002991,2251
235,person,0.65424644947052,2992
235,car,0.6458476781845093,6877
235,car,0.6403860449790955,43562
235,car,0.5803724527359009,10468
235,car,0.5750346779823303,12166
235,motorcycle,0.5389675498008728,3460
235,car,0.5337358117103577,6058
235,car,0.5306383967399597,5735
235,car,0.505922257900238,5695
235,person,0.5007964372634888,3718
235,person,0.4609028100967407,4809
235,person,0.42657458782196045,1687
235,car,0.4092044532299042,14623
235,car,0.40641969442367554,4981
235,car,0.38166606426239014,24173
235,truck,0.3560187518596649,13000
235,car,0.33531174063682556,1513
235,truck,0.3345637619495392,2488
235,car,0.3000458776950836,7414
235,person,0.28875914216041565,4303
235,truck,0.2871037721633911,4429
235,car,0.2831902503967285,2350
236,bus,0.9243083000183105,26536
236,car,0.8655832409858704,17272
236,car,0.8014436364173889,39061
236,car,0.7997668981552124,20539
236,car,0.7976229190826416,33032
236,car,0.7736098170280457,6988
236,car,0.7513145208358765,44764
236,car,0.736188530921936,38704
236,person,0.7138290405273438,4702
236,car,0.7038900256156921,6856
236,person,0.6865280270576477,4665
236,car,0.6636896729469299,17083
236,car,0.6448929309844971,12247
236,car,0.6391488909721375,10480
236,car,0.5783049464225769,6775
236,motorcycle,0.5571870803833008,4250
236,person,0.5516447424888611,3850
236,person,0.5362863540649414,2764
236,car,0.53119295835495,5744
236,car,0.5129022002220154,6271
236,car,0.46741577982902527,2200
236,car,0.43901246786117554,4588
236,car,0.43325015902519226,14203
236,person,0.43005111813545227,1669
236,car,0.4288405478000641,24020
236,person,0.417523056268692,4873
236,car,0.4070011079311371,1183
236,car,0.3704586327075958,7468
236,truck,0.3591073751449585,13018
236,truck,0.3004071116447449,2836
236,truck,0.2669404149055481,4384
236,car,0.2538474202156067,2500
237,bus,0.9242978096008301,26554
237,car,0.8659080266952515,17317
237,car,0.8017850518226624,39061
237,car,0.7999275326728821,20548
237,car,0.7980859279632568,33032
237,car,0.7735404372215271,6988
237,car,0.7524873614311218,44773
237,car,0.7348746061325073,38722
237,person,0.7136198282241821,4702
237,car,0.7045115828514099,6856
237,person,0.6868886351585388,4665
237,car,0.6644173264503479,17074
237,car,0.6457504034042358,12247
237,car,0.6401205062866211,10495
237,car,0.5788031220436096,6775
237,motorcycle,0.5567022562026978,4268
237,person,0.5509580373764038,3859
237,person,0.5364812016487122,2764
237,car,0.5313242077827454,5744
237,car,0.5135118365287781,6271
237,car,0.4678722620010376,2200
237,car,0.43937286734580994,4588
237,car,0.43399277329444885,14203
237,person,0.430566668510437,1669
237,car,0.42978790402412415,24020
237,person,0.41750070452690125,4864
237,car,0.40709635615348816,1183
237,car,0.3707537353038788,7468
237,truck,0.3592255115509033,13018
237,truck,0.3004850149154663,2836
237,truck,0.2670249342918396,4384
237,car,0.254284530878067,2500
238,bus,0.9300779104232788,25243
238,car,0.8591550588607788,17899
238,car,0.823854386806488,30446
238,car,0.7929948568344116,39025
238,car,0.783655047416687,20239
238,car,0.772686243057251,6631
238,person,0.7420138716697693,4483
238,car,0.7286477088928223,38587
238,car,0.6999582648277283,6847
238,person,0.6887593269348145,4656
238,car,0.6815469264984131,16948
238,car,0.6789665818214417,10855
238,car,0.6574246287345886,12256
238,car,0.6254429817199707,6268
238,truck,0.6170799136161804,41569
238,car,0.5423436164855957,5852
238,person,0.5400163531303406,5683
238,person,0.5361524224281311,2635
238,car,0.5308815240859985,3655
238,car,0.5282335877418518,2416
238,car,0.5051125884056091,5446
238,motorcycle,0.47976210713386536,4579
238,person,0.4464471638202667,1738
238,car,0.4399612843990326,23978
238,car,0.4013479948043823,41551
238,car,0.39782923460006714,14326
238,person,0.38731807470321655,2329
238,truck,0.374494343996048,13045
238,car,0.36257243156433105,7531
238,car,0.302697092294693,2740
238,person,0.3012964725494385,2725
238,truck,0.27585217356681824,2890
238,car,0.26911652088165283,4018
239,bus,0.9184477925300598,22873
239,car,0.837874710559845,38989
239,car,0.804973840713501,18319
239,car,0.7949332594871521,26027
239,car,0.7807627320289612,20236
239,car,0.7596514821052551,37336
239,car,0.7589935064315796,6340
239,car,0.7424289584159851,38884
239,car,0.6948586702346802,6964
239,car,0.6861709952354431,16858
239,person,0.6631984114646912,5464
239,car,0.6602172255516052,12220
239,car,0.6441243886947632,5251
239,car,0.5806195139884949,11311
239,motorcycle,0.5805656313896179,3898
239,person,0.5685848593711853,4882
239,car,0.5442207455635071,6094
239,person,0.5340367555618286,4494
239,car,0.5278998017311096,4348
239,person,0.5275354981422424,3152
239,car,0.5117245316505432,5771
239,car,0.4529702663421631,13900
239,car,0.44945526123046875,2500
239,person,0.42853420972824097,1729
239,car,0.41212794184684753,23984
239,car,0.3848942220211029,7441
239,car,0.37819573283195496,1444
239,truck,0.3696978986263275,12946
239,car,0.3582044541835785,3100
239,bus,0.3137723505496979,2431
239,car,0.3007165789604187,1660
239,person,0.2737923860549927,2863
240,bus,0.91837477684021,22873
240,car,0.8365730047225952,38953
240,car,0.8056524991989136,18319
240,car,0.7950334548950195,26027
240,car,0.7802104949951172,20245
240,car,0.7589452862739563,37345
240,car,0.7569841742515564,6331
240,car,0.7378754615783691,38875
240,car,0.6948586106300354,6964
240,car,0.6851259469985962,16876
240,car,0.6637220978736877,12229
240,person,0.6604991555213928,5464
240,car,0.6420936584472656,5251
240,car,0.5818114876747131,11311
240,motorcycle,0.5812416672706604,4084
240,person,0.570734977722168,4891
240,car,0.5417596697807312,6094
240,car,0.5296419858932495,4348
240,person,0.5285147428512573,3170
240,car,0.5230910181999207,5789
240,person,0.46748411655426025,4521
240,car,0.4590524137020111,2500
240,car,0.4489421546459198,13951
240,car,0.4436609447002411,23927
240,person,0.4299319088459015,1729
240,car,0.38479098677635193,7432
240,car,0.37404969334602356,1444
240,truck,0.3698641359806061,12973
240,car,0.3572860360145569,3100
240,bus,0.3164895474910736,2431
240,car,0.29569992423057556,1651
240,person,0.2717114984989166,2863
241,bus,0.904554545879364,22528
241,car,0.8817035555839539,18289
241,car,0.8396364450454712,38926
241,car,0.7846540212631226,21358
241,car,0.7822855710983276,21485
241,car,0.771224856376648,7114
241,car,0.7433022856712341,6964
241,motorcycle,0.7340214848518372,5500
241,car,0.7269574999809265,38857
241,car,0.6886608600616455,16858
241,car,0.6843640208244324,35221
241,car,0.6633365154266357,12211
241,car,0.6127412915229797,5596
241,person,0.5362889170646667,4285
241,car,0.5258617401123047,5771
241,car,0.5202403664588928,11425
241,person,0.5132869482040405,2737
241,car,0.507879912853241,5929
241,car,0.48343369364738464,2500
241,person,0.4817418158054352,4363
241,person,0.4643242359161377,1729
241,car,0.4591687023639679,13828
241,person,0.4524296224117279,4512
241,car,0.4125474691390991,24056
241,car,0.41065922379493713,1444
241,car,0.4098769426345825,3982
241,person,0.4097352921962738,4903
241,car,0.393184632062912,7477
241,car,0.3509918749332428,3100
241,truck,0.33557453751564026,12973
241,bus,0.3238946497440338,1993
241,person,0.28181734681129456,3455
241,car,0.26510298252105713,1600
241,person,0.2530270218849182,2746
242,bus,0.9162548184394836,21694
242,car,0.8922446966171265,20671
242,car,0.8024683594703674,38935
242,car,0.7749055027961731,21364
242,car,0.7690593004226685,7516
242,car,0.7510542869567871,15785
242,person,0.7500866055488586,4093
242,car,0.7454987168312073,38704
242,person,0.7025765776634216,4614
242,car,0.6899498701095581,31573
242,car,0.6791644096374512,16732
242,car,0.676356852054596,7009
242,car,0.6426631808280945,12184
242,car,0.602920413017273,12883
242,motorcycle,0.570601761341095,4972
242,person,0.5425920486450195,4031
242,car,0.5214658975601196,4444
242,car,0.48401352763175964,5771
242,car,0.4811161756515503,2305
242,car,0.4448866844177246,13819
242,car,0.4160071909427643,7504
242,person,0.40829887986183167,3157
242,person,0.4079219698905945,1738
242,car,0.4074607491493225,1444
242,truck,0.38472941517829895,13090
242,car,0.38031867146492004,4732
242,car,0.3642599880695343,24587
242,person,0.3606635332107544,2425
242,person,0.3179948329925537,2263
242,bus,0.3071494698524475,1978
242,clock,0.2965039014816284,5776
242,car,0.29573434591293335,5815
242,car,0.28153836727142334,3100
242,car,0.27839580178260803,1600
242,motorcycle,0.27423223853111267,3856
242,truck,0.2541830837726593,1942
243,bus,0.9160659909248352,21685
243,car,0.8919334411621094,20671
243,car,0.7990472912788391,38944
243,car,0.7787733674049377,21373
243,car,0.767967939376831,7516
243,person,0.7501984238624573,4102
243,car,0.7488189935684204,15794
243,car,0.7438830733299255,38695
243,person,0.6913468241691589,4587
243,car,0.6905579566955566,31573
243,car,0.6904144883155823,16714
243,car,0.673929750919342,7009
243,car,0.6413211822509766,12175
243,car,0.6039645075798035,12883
243,motorcycle,0.5680595636367798,4999
243,person,0.5414544343948364,4013
243,car,0.5231552124023438,4444
243,car,0.47988566756248474,5771
243,car,0.4771786630153656,2305
243,car,0.46105721592903137,13846
243,car,0.4201614260673523,7486
243,person,0.41038206219673157,3166
243,car,0.4076876938343048,1444
243,person,0.3987370729446411,1729
243,truck,0.39779242873191833,13081
243,car,0.37674766778945923,4732
243,car,0.3607913553714752,24632
243,person,0.35020649433135986,2389
243,person,0.32660797238349915,2299
243,bus,0.3072000741958618,1978
243,car,0.29664647579193115,5815
243,car,0.2801569104194641,3100
243,motorcycle,0.27906984090805054,3826
243,car,0.2772911489009857,1600
243,truck,0.25124508142471313,14158
244,bus,0.9150193929672241,22201
244,car,0.8908329010009766,20788
244,car,0.7655958533287048,20344
244,car,0.7548684477806091,38845
244,car,0.7301092743873596,7951
244,person,0.7058106660842896,4638
244,car,0.6732514500617981,38677
244,car,0.6728230118751526,6991
244,car,0.6553029417991638,16732
244,person,0.6442778706550598,4750
244,motorcycle,0.6403194069862366,5416
244,car,0.6316136121749878,4936
244,car,0.6228752732276917,12157
244,car,0.620158314704895,30253
244,person,0.6071200370788574,3532
244,car,0.559067964553833,12343
244,person,0.5200405120849609,3367
244,car,0.49870505928993225,1444
244,car,0.4932429790496826,2329
244,car,0.48453953862190247,5771
244,car,0.4473741054534912,5833
244,truck,0.42733603715896606,13090
244,car,0.4182855486869812,7585
244,car,0.4110754430294037,13834
244,person,0.4068179726600647,1720
244,truck,0.3877866268157959,12460
244,car,0.32139116525650024,1900
244,car,0.32093316316604614,24794
244,truck,0.3167847990989685,38728
244,person,0.3155737817287445,2281
244,car,0.3097015917301178,12298
244,bus,0.299017071723938,2032
244,motorcycle,0.2809877395629883,3736
244,person,0.2719744145870209,1987
244,truck,0.2677600383758545,4831
244,truck,0.2603051960468292,24713
245,bus,0.9050173759460449,20245
245,car,0.9039493799209595,21952
245,car,0.7798392176628113,8989
245,car,0.7627500891685486,27292
245,car,0.7542328834533691,20308
245,car,0.7460708022117615,38854
245,motorcycle,0.728411853313446,5509
245,person,0.7194257378578186,3568
245,car,0.7041380405426025,7027
245,person,0.6969271898269653,4728
245,car,0.676339328289032,16777
245,car,0.66640305519104,38767
245,car,0.6474811434745789,4741
245,person,0.6300031542778015,3770
245,car,0.6223719716072083,12130
245,car,0.5711514949798584,2500
245,car,0.5645927786827087,13189
245,person,0.5094825625419617,3286
245,car,0.5055446624755859,5807
245,bus,0.49859797954559326,2845
245,car,0.45682618021965027,13909
245,car,0.4530724883079529,7522
245,truck,0.43851345777511597,13306
245,person,0.41874492168426514,1729
245,car,0.4058879613876343,2278
245,bus,0.3764510452747345,2011
245,truck,0.37589266896247864,38881
245,car,0.36187684535980225,5401
245,car,0.3298732340335846,24695
245,person,0.30822673439979553,2335
245,person,0.28719043731689453,2056
245,truck,0.2843380272388458,14233
245,car,0.2681051194667816,1216
245,motorcycle,0.26688772439956665,3727
246,bus,0.9048628807067871,20245
246,car,0.9038591384887695,21943
246,car,0.7795934081077576,8989
246,car,0.7614021897315979,27292
246,car,0.753982663154602,20317
246,car,0.7455759644508362,38854
246,motorcycle,0.7281325459480286,5308
246,person,0.719514787197113,3568
246,car,0.7033088207244873,7027
246,person,0.69666588306427,4728
246,car,0.6767950654029846,16777
246,car,0.6634002327919006,38749
246,car,0.6473718285560608,4741
246,person,0.6299108862876892,3743
246,car,0.6201863884925842,12202
246,car,0.5704561471939087,2500
246,car,0.5617251396179199,13189
246,person,0.509632408618927,3286
246,car,0.4993346929550171,5807
246,bus,0.49809640645980835,2845
246,car,0.4548574388027191,13909
246,car,0.4521315395832062,7522
246,truck,0.4391825497150421,13306
246,person,0.4186634421348572,1729
246,car,0.4053448736667633,2278
246,truck,0.37697386741638184,38872
246,bus,0.37527281045913696,1969
246,car,0.36119940876960754,5401
246,car,0.3250601291656494,24686
246,person,0.3074394464492798,2335
246,person,0.28575399518013,2056
246,truck,0.28451812267303467,14233
246,car,0.26805445551872253,1216
246,motorcycle,0.2664748430252075,3727
247,bus,0.911740779876709,19111
247,car,0.9110826849937439,22882
247,car,0.8688845038414001,25624
247,car,0.7974717020988464,8569
247,motorcycle,0.7651728391647339,6004
247,car,0.7529104948043823,20362
247,person,0.7341874241828918,4764
247,car,0.7099908590316772,38881
247,car,0.6858847141265869,38713
247,person,0.6836515069007874,3580
247,car,0.6719314455986023,16804
247,car,0.6677478551864624,7087
247,car,0.5984453558921814,13768
247,person,0.5892165303230286,3082
247,car,0.5871766209602356,12202
247,car,0.5715950727462769,2500
247,car,0.5566303133964539,4591
247,car,0.5167410373687744,5807
247,car,0.4744582176208496,4666
247,car,0.46746572852134705,5329
247,person,0.46484383940696716,3448
247,car,0.435897558927536,13873
247,car,0.4330061972141266,7513
247,person,0.4216235876083374,1738
247,truck,0.42129090428352356,13072
247,car,0.4015522599220276,2278
247,truck,0.38647371530532837,38863
247,car,0.3836175799369812,1216
247,car,0.3578665852546692,24488
247,truck,0.29695433378219604,2047
247,person,0.28941839933395386,3079
247,person,0.2802336812019348,2512
247,motorcycle,0.2696414887905121,3793
247,car,0.2671239376068115,2791
247,person,0.2638569474220276,2056
247,clock,0.254700243473053,6205
248,bus,0.921808660030365,18874
248,car,0.909736156463623,24919
248,car,0.8480300307273865,24604
248,car,0.7977112531661987,7288
248,car,0.7669291496276855,38389
248,motorcycle,0.744192898273468,6535
248,car,0.7401428818702698,20398
248,person,0.718647837638855,4701
248,car,0.6928438544273376,38227
248,car,0.6833490133285522,7042
248,car,0.6641608476638794,16858
248,person,0.6439532041549683,3973
248,car,0.5889296531677246,12193
248,car,0.549212634563446,2500
248,car,0.5463604927062988,14290
248,person,0.5389727354049683,3208
248,car,0.5174911618232727,4915
248,car,0.5008977055549622,5762
248,car,0.4761202335357666,1276
248,person,0.46871712803840637,3733
248,person,0.4475291967391968,1747
248,car,0.4468308687210083,13900
248,person,0.4207058250904083,2992
248,car,0.41662174463272095,7522
248,truck,0.41065797209739685,38137
248,truck,0.40978407859802246,13351
248,person,0.4010990262031555,3766
248,car,0.38837388157844543,24578
248,car,0.3852795362472534,2350
248,truck,0.3814026415348053,5170
248,car,0.3540881872177124,4996
248,car,0.28315532207489014,6158
248,motorcycle,0.27615442872047424,3856
249,bus,0.9217079877853394,18883
249,car,0.9097732305526733,24901
249,car,0.8481969237327576,24604
249,car,0.7978277206420898,7288
249,car,0.7670903205871582,38398
249,motorcycle,0.7428111433982849,6553
249,car,0.7405791282653809,20398
249,person,0.716956615447998,4701
249,car,0.691461443901062,38227
249,car,0.6814682483673096,7051
249,car,0.6708430647850037,16840
249,person,0.6425556540489197,3982
249,car,0.5917701125144958,12193
249,car,0.5521224141120911,14335
249,car,0.5499810576438904,2500
249,person,0.5366085171699524,3208
249,car,0.5180408358573914,4915
249,car,0.5041435360908508,5762
249,car,0.47116154432296753,1276
249,person,0.4683930277824402,3769
249,car,0.4606252610683441,13882
249,person,0.4507937431335449,1747
249,person,0.42152392864227295,2992
249,car,0.41774651408195496,7522
249,truck,0.411819726228714,38188
249,truck,0.41135793924331665,13351
249,person,0.40105411410331726,3766
249,car,0.38842910528182983,24605
249,car,0.3831618130207062,2350
249,truck,0.3794934153556824,5188
249,car,0.35278332233428955,4996
249,motorcycle,0.2782959043979645,3856
249,car,0.26835304498672485,6158
250,bus,0.9243921041488647,17536
250,car,0.9075669050216675,25039
250,car,0.8248584270477295,23080
250,car,0.7752898335456848,8104
250,car,0.7631489634513855,38380
250,person,0.7414826154708862,4147
250,car,0.7352316975593567,20407
250,motorcycle,0.7148228287696838,7327
250,person,0.6951925754547119,4629
250,car,0.6794554591178894,38245
250,car,0.6549416780471802,7192
250,car,0.6214872598648071,16813
250,car,0.5905574560165405,12202
250,person,0.5765917897224426,4138
250,person,0.5623685121536255,3298
250,truck,0.561884343624115,14662
250,car,0.49425578117370605,5642
250,car,0.48963847756385803,4639
250,car,0.4890146553516388,2500
250,car,0.48053714632987976,1381
250,car,0.46676909923553467,4504
250,person,0.4488365054130554,1729
250,car,0.4436333477497101,2767
250,car,0.443264365196228,8429
250,person,0.43635380268096924,3190
250,truck,0.42772698402404785,38215
250,car,0.40539467334747314,7504
250,car,0.4040207266807556,13927
250,truck,0.40014782547950745,13342
250,car,0.3657834827899933,24659
250,car,0.31900453567504883,14536
250,car,0.29335466027259827,5083
250,car,0.28841838240623474,2902
250,motorcycle,0.27807462215423584,3853
251,car,0.9156987071037292,27973
251,bus,0.902063250541687,16813
251,car,0.845041036605835,20374
251,car,0.7708556652069092,38320
251,car,0.741983950138092,20398
251,person,0.7402951121330261,4722
251,car,0.7398810386657715,8062
251,car,0.7276889681816101,13499
251,car,0.6989964246749878,38218
251,person,0.6914251446723938,3817
251,car,0.6588398814201355,7195
251,person,0.6394161581993103,3985
251,car,0.6365852355957031,4987
251,car,0.6321932673454285,16768
251,motorcycle,0.5529316067695618,7490
251,car,0.549871027469635,12238
251,car,0.5473260283470154,16291
251,car,0.5016785860061646,5798
251,car,0.4119010269641876,4747
251,car,0.4072962701320648,2608
251,car,0.4008129835128784,13819
251,truck,0.3976532518863678,13117
251,truck,0.38982632756233215,38272
251,car,0.3834395408630371,24170
251,car,0.3715086579322815,7486
251,person,0.3643045723438263,1747
251,person,0.35664549469947815,2647
251,car,0.33501723408699036,1684
251,car,0.30534860491752625,1810
251,motorcycle,0.2937965989112854,3910
251,car,0.2875507175922394,4933
251,person,0.25367891788482666,3667
251,car,0.25116100907325745,2443
252,car,0.9152694344520569,27973
252,bus,0.900479257106781,16732
252,car,0.8488143086433411,20383
252,car,0.7720918655395508,38365
252,person,0.7438373565673828,4731
252,car,0.7436458468437195,20398
252,car,0.7371334433555603,8062
252,car,0.7277840375900269,13535
252,car,0.7056534886360168,38191
252,person,0.6935856938362122,3808
252,car,0.6588172316551208,7195
252,car,0.6535308361053467,4960
252,person,0.6403735280036926,3985
252,car,0.6223227381706238,16723
252,motorcycle,0.5562695860862732,7508
252,car,0.5532822608947754,12211
252,car,0.5467795133590698,16264
252,car,0.4898585379123688,5762
252,car,0.40479016304016113,4747
252,car,0.40186765789985657,13783
252,car,0.4015218913555145,2572
252,truck,0.3931577801704407,13117
252,truck,0.3837033808231354,38245
252,car,0.3769885003566742,24206
252,car,0.36730873584747314,7486
252,person,0.36401185393333435,1747
252,person,0.3488466441631317,2647
252,car,0.33503609895706177,1684
252,car,0.3077642619609833,1852
252,motorcycle,0.296661913394928,3799
252,car,0.28062930703163147,4897
253,car,0.8849676847457886,29050
253,bus,0.8827248811721802,16213
253,car,0.8025668859481812,18814
253,car,0.7769292593002319,9133
253,person,0.7402892112731934,4240
253,car,0.7245482206344604,38614
253,car,0.6964472532272339,38380
253,car,0.6853475570678711,20347
253,car,0.6747113466262817,7108
253,car,0.6623806953430176,16865
253,car,0.6574100852012634,16609
253,motorcycle,0.6360716819763184,6485
253,person,0.6353290677070618,4744
253,car,0.6094300150871277,5968
253,person,0.5355650782585144,4710
253,car,0.5166260600090027,12103
253,truck,0.5036543011665344,15559
253,car,0.4902297258377075,14995
253,car,0.4660143554210663,13768
253,car,0.457609087228775,5615
253,person,0.43987998366355896,2492
253,truck,0.4221052825450897,38371
253,truck,0.41357386112213135,13126
253,car,0.38020560145378113,2944
253,person,0.37558943033218384,1738
253,car,0.3717097043991089,2464
253,car,0.36205703020095825,4558
253,car,0.3334406614303589,8086
253,clock,0.3067062795162201,6052
253,car,0.30624598264694214,5182
253,car,0.3026713728904724,24551
253,truck,0.2941408157348633,13930
253,truck,0.2912769913673401,12175
253,motorcycle,0.27506309747695923,4000
254,car,0.8976348042488098,31564
254,bus,0.8812338709831238,16339
254,car,0.8569804430007935,23126
254,car,0.8068700432777405,9190
254,car,0.7662286162376404,18775
254,car,0.7474837303161621,38311
254,person,0.7306504249572754,4771
254,car,0.7246426939964294,38362
254,car,0.6973514556884766,7189
254,car,0.6938561797142029,20470
254,car,0.6689798831939697,16546
254,car,0.6293920874595642,5986
254,person,0.6135096549987793,4859
254,motorcycle,0.6086585521697998,6297
254,car,0.5984811186790466,16939
254,person,0.5671870708465576,4794
254,car,0.5490676760673523,12094
254,car,0.49697524309158325,13741
254,car,0.4943099617958069,5633
254,car,0.4515358507633209,4909
254,truck,0.43139731884002686,13117
254,person,0.4249194264411926,2476
254,car,0.41001224517822266,24515
254,person,0.4073023200035095,1738
254,car,0.3866822123527527,3376
254,truck,0.3797667324542999,38290
254,car,0.35740530490875244,8041
254,motorcycle,0.3313061594963074,3973
254,truck,0.2957105040550232,13876
254,clock,0.2771592438220978,6124
254,person,0.27418655157089233,2914
254,car,0.27219367027282715,1828
254,car,0.2632278800010681,4910
255,car,0.898597002029419,31564
255,bus,0.8814507126808167,16303
255,car,0.8581051826477051,23117
255,car,0.8076525926589966,9190
255,car,0.7710549831390381,18775
255,car,0.7526763677597046,38776
255,car,0.7344292402267456,38371
255,person,0.728259265422821,4771
255,car,0.6968755125999451,20488
255,car,0.6857605576515198,7162
255,car,0.6711534857749939,16582
255,car,0.6312903761863708,5986
255,person,0.6216092109680176,4826
255,motorcycle,0.6033777594566345,6065
255,car,0.6032731533050537,16939
255,person,0.5788866877555847,4704
255,car,0.5484843850135803,12076
255,car,0.49535509943962097,5624
255,car,0.4946318566799164,13741
255,car,0.44978952407836914,4909
255,truck,0.43704748153686523,13108
255,car,0.4237903654575348,24488
255,person,0.41977813839912415,2476
255,person,0.4100863039493561,1738
255,car,0.3895042836666107,3376
255,truck,0.37280702590942383,38245
255,car,0.3534146845340729,8050
255,motorcycle,0.3323330879211426,3964
255,truck,0.28751856088638306,13876
255,person,0.2766815721988678,2905
255,car,0.2733744978904724,1837
255,car,0.26363688707351685,4910
256,car,0.8984776735305786,33223
256,bus,0.8849618434906006,15118
256,car,0.8567743301391602,25616
256,car,0.8176184296607971,17593
256,car,0.7977233529090881,9547
256,car,0.7641966938972473,38686
256,car,0.7491229176521301,39025
256,person,0.7302923798561096,4672
256,car,0.7045902609825134,20434
256,person,0.7035760879516602,4695
256,car,0.6895546317100525,16705
256,car,0.6729523539543152,7189
256,car,0.6697449088096619,17587
256,car,0.6567797660827637,7933
256,car,0.5700706839561462,5578
256,motorcycle,0.5599807500839233,6019
256,person,0.5581470727920532,4696
256,car,0.540883481502533,5654
256,car,0.5255826711654663,12157
256,car,0.4775055944919586,13687
256,car,0.45940276980400085,4090
256,car,0.4548174738883972,24410
256,truck,0.4024357795715332,13090
256,car,0.39525726437568665,1900
256,car,0.3838267922401428,3583
256,person,0.3644828498363495,1738
256,car,0.34129253029823303,7621
256,truck,0.33832910656929016,38218
256,car,0.32598987221717834,4276
256,motorcycle,0.31639406085014343,3901
256,truck,0.2816859483718872,13813
256,person,0.26108869910240173,2350
257,car,0.8684669137001038,35281
257,car,0.8500646352767944,9496
257,car,0.8346142172813416,29957
257,bus,0.7859518527984619,16045
257,car,0.7826349139213562,39196
257,person,0.7711623907089233,5501
257,car,0.7651340365409851,13252
257,car,0.7633640170097351,38803
257,car,0.7628045082092285,16324
257,person,0.748660147190094,5176
257,car,0.7245538830757141,5491
257,car,0.6877003312110901,20452
257,person,0.6868227124214172,4704
257,car,0.6678276062011719,16804
257,car,0.6512647271156311,7207
257,person,0.6221169233322144,2800
257,car,0.5361192226409912,12436
257,truck,0.5166833400726318,18403
257,car,0.5096989274024963,5633
257,car,0.5034918189048767,2200
257,car,0.4838787913322449,3442
257,person,0.48103147745132446,2863
257,car,0.4472625255584717,18223
257,car,0.4397985339164734,13660
257,car,0.4394731819629669,24452
257,truck,0.41110461950302124,13117
257,person,0.3532147705554962,1738
257,car,0.33651483058929443,8086
257,car,0.32332664728164673,3100
257,car,0.31084325909614563,1900
257,truck,0.29601073265075684,13858
257,motorcycle,0.2792493402957916,5333
257,car,0.2780943512916565,1993
257,car,0.2517969310283661,5248
257,truck,0.2511618733406067,2368
258,car,0.8695092797279358,35227
258,car,0.8501623272895813,9487
258,car,0.8334874510765076,30011
258,bus,0.7846094369888306,16054
258,car,0.7825294137001038,39187
258,person,0.7712184190750122,5423
258,car,0.7660233378410339,13252
258,car,0.7650660276412964,16324
258,car,0.7637542486190796,38776
258,person,0.7533217668533325,5176
258,car,0.7245292067527771,5491
258,person,0.6934430599212646,4704
258,car,0.6922022700309753,20452
258,car,0.6721618175506592,16804
258,car,0.6476473212242126,7207
258,person,0.6211830377578735,2764
258,car,0.523715078830719,12244
258,truck,0.5162773728370667,18403
258,car,0.5093657374382019,5633
258,car,0.5015267729759216,2200
258,car,0.48474374413490295,3433
258,person,0.48111799359321594,2863
258,car,0.459856778383255,24389
258,car,0.44736742973327637,18223
258,car,0.4334236681461334,13624
258,truck,0.40433597564697266,13126
258,person,0.3532167375087738,1738
258,car,0.3317088484764099,8104
258,car,0.32528725266456604,3100
258,car,0.3101882040500641,1900
258,truck,0.29000312089920044,13831
258,car,0.28247442841529846,1993
258,motorcycle,0.2679213285446167,5396
259,car,0.8890457153320312,38344
259,car,0.8462364077568054,16126
259,bus,0.8450926542282104,15307
259,car,0.8259881734848022,16349
259,car,0.8218888640403748,9937
259,car,0.7777756452560425,31202
259,person,0.7572159767150879,4813
259,car,0.7529623508453369,38659
259,car,0.7477129697799683,39133
259,car,0.7165022492408752,20380
259,person,0.7118152379989624,4728
259,person,0.6894541382789612,4900
259,car,0.6832446455955505,5182
259,car,0.6814174056053162,16723
259,person,0.6645698547363281,2764
259,car,0.6518751382827759,7309
259,person,0.5884542465209961,3484
259,car,0.5503212213516235,5660
259,car,0.5213428735733032,12244
259,truck,0.4721083343029022,18535
259,car,0.4634862542152405,24296
259,car,0.46083348989486694,13588
259,car,0.4535876214504242,18232
259,car,0.4485611319541931,3415
259,car,0.42480069398880005,1993
259,car,0.3831016421318054,2500
259,person,0.36813679337501526,1738
259,truck,0.3553602993488312,13090
259,motorcycle,0.33892953395843506,5894
259,car,0.32759004831314087,7639
259,motorcycle,0.3252142667770386,5024
259,truck,0.2735252380371094,13813
259,car,0.2603481411933899,4006
259,car,0.25422024726867676,3100
260,bus,0.8790572881698608,14437
260,car,0.8577128052711487,39467
260,car,0.8413773775100708,10759
260,car,0.7994458079338074,21143
260,car,0.7947980165481567,34289
260,car,0.7680619359016418,38407
260,person,0.7516841292381287,4737
260,car,0.7351369261741638,38731
260,person,0.7271475195884705,5451
260,car,0.7234344482421875,14032
260,car,0.7190249562263489,21403
260,person,0.6853122115135193,4438
260,car,0.6619976758956909,16741
260,car,0.6430373191833496,7225
260,car,0.6126604676246643,5743
260,car,0.5225093960762024,5633
260,car,0.4950474202632904,12643
260,car,0.492859810590744,18991
260,person,0.48142680525779724,2209
260,car,0.43031176924705505,13693
260,car,0.42810219526290894,24134
260,person,0.4055643081665039,3508
260,car,0.39358776807785034,3100
260,person,0.38780397176742554,1780
260,truck,0.3833385407924652,19207
260,car,0.3756878674030304,1900
260,truck,0.37250199913978577,13108
260,car,0.3688315153121948,2500
260,car,0.3409903347492218,2185
260,car,0.31347373127937317,7666
260,car,0.2894580364227295,4855
260,truck,0.28152573108673096,13876
261,bus,0.87934809923172,14437
261,car,0.8574003577232361,39467
261,car,0.8414140939712524,10759
261,car,0.7960138916969299,21152
261,car,0.7943196892738342,34289
261,car,0.7709171175956726,38452
261,person,0.751985490322113,4746
261,car,0.7361267805099487,38776
261,car,0.7259640693664551,14032
261,person,0.7258263826370239,5442
261,car,0.7193944454193115,21403
261,person,0.68352210521698,4438
261,car,0.6602488160133362,16732
261,car,0.6437069773674011,7225
261,car,0.612129807472229,5743
261,car,0.5224925875663757,5633
261,car,0.5021518468856812,12634
261,car,0.4952344596385956,18991
261,person,0.47938382625579834,2209
261,car,0.43622541427612305,13666
261,car,0.43412989377975464,24116
261,person,0.40461212396621704,3508
261,car,0.3927205204963684,3100
261,person,0.38755521178245544,1780
261,truck,0.3828499913215637,19207
261,car,0.37477704882621765,1900
261,truck,0.374325692653656,13099
261,car,0.3689318597316742,2500
261,car,0.3445333242416382,2185
261,car,0.3167627453804016,7702
261,car,0.2891581952571869,4855
261,truck,0.27708736062049866,13858
262,bus,0.8674449324607849,13636
262,car,0.8622187972068787,11215
262,car,0.8453233242034912,38258
262,car,0.796284556388855,14599
262,car,0.7862752079963684,23525
262,car,0.7473386526107788,38659
262,person,0.7363570928573608,4770
262,car,0.7219816446304321,38821
262,car,0.7131994366645813,21412
262,person,0.7114993929862976,5705
262,person,0.7014445662498474,4543
262,car,0.6565963625907898,16876
262,car,0.6508747339248657,5107
262,car,0.6414823532104492,35597
262,car,0.6324083209037781,7240
262,car,0.5221577882766724,5642
262,person,0.5064308047294617,3940
262,car,0.5042176246643066,12472
262,car,0.5010988712310791,20671
262,car,0.44289517402648926,1216
262,car,0.43887859582901,1987
262,car,0.42522382736206055,24416
262,car,0.4178587794303894,2500
262,car,0.4120975434780121,13558
262,car,0.3810279667377472,2239
262,person,0.38061967492103577,1729
262,car,0.3761430084705353,4630
262,truck,0.37048229575157166,38632
262,truck,0.3601435124874115,13135
262,truck,0.34051641821861267,2767
262,car,0.3211607038974762,8131
262,person,0.30024340748786926,2245
262,truck,0.2967579960823059,13768
262,car,0.2874203622341156,3928
263,bus,0.8853614926338196,13072
263,car,0.8369038701057434,11158
263,car,0.8015990853309631,37370
263,car,0.7573682069778442,38569
263,person,0.708175778388977,4788
263,car,0.703246533870697,21421
263,car,0.700137197971344,12508
263,car,0.6987541913986206,38902
263,car,0.698114812374115,27728
263,person,0.6927469372749329,3877
263,car,0.6633544564247131,7207
263,car,0.6601850986480713,16849
263,car,0.5973585247993469,37703
263,person,0.5970263481140137,3185
263,car,0.586459219455719,5527
263,car,0.5441533923149109,5762
263,car,0.5391854643821716,12334
263,car,0.48007193207740784,24344
263,car,0.4726867377758026,13693
263,car,0.45757293701171875,3619
263,truck,0.44319045543670654,20989
263,person,0.4308747351169586,1738
263,person,0.42883461713790894,2575
263,car,0.4243510961532593,21061
263,car,0.405337393283844,1216
263,truck,0.4039936363697052,38623
263,truck,0.3824266195297241,2551
263,truck,0.3771258592605591,13063
263,clock,0.35496312379837036,6097
263,car,0.35168737173080444,8068
263,truck,0.3442072570323944,12307
263,truck,0.33864566683769226,13864
263,person,0.3351367712020874,3163
263,car,0.3348473906517029,2155
263,car,0.3243359327316284,13180
263,person,0.3014129400253296,2443
263,car,0.2846646308898926,2203
263,car,0.26123884320259094,4084
263,person,0.2578754425048828,2635
264,bus,0.8851678371429443,13057
264,car,0.8371736407279968,11158
264,car,0.801798939704895,37370
264,car,0.7569556832313538,38578
264,person,0.7079544067382812,4788
264,car,0.7028138637542725,21421
264,car,0.7003624439239502,12508
264,car,0.6989055275917053,38893
264,car,0.697823166847229,27737
264,person,0.6926589012145996,3877
264,car,0.6644212007522583,7207
264,car,0.6611096858978271,16849
264,person,0.5971965789794922,3185
264,car,0.5969452857971191,37703
264,car,0.5870309472084045,5527
264,car,0.5445202589035034,5762
264,car,0.5401678681373596,12334
264,car,0.481440007686615,24317
264,car,0.4748317301273346,13693
264,car,0.4575260281562805,3619
264,truck,0.4417140781879425,20989
264,person,0.43110647797584534,1738
264,person,0.4292825758457184,2575
264,car,0.42535099387168884,21061
264,car,0.4061051905155182,1216
264,truck,0.40519535541534424,38632
264,truck,0.38328590989112854,2551
264,truck,0.37690484523773193,13063
264,clock,0.3528311848640442,6097
264,car,0.3528079092502594,8068
264,truck,0.34152260422706604,12307
264,truck,0.3387314975261688,13864
264,car,0.33625227212905884,2155
264,person,0.3356629014015198,3163
264,car,0.3256727457046509,13180
264,person,0.30175215005874634,2443
264,car,0.2900548577308655,2203
264,car,0.26191648840904236,4084
264,person,0.2561863660812378,2635
265,car,0.8550256490707397,12166
265,bus,0.8382460474967957,12940
265,car,0.7756661176681519,39178
265,car,0.743668794631958,36488
265,person,0.73764568567276,3880
265,car,0.7070497274398804,21412
265,person,0.6984786987304688,4502
265,car,0.679458737373352,38917
265,car,0.6572079062461853,16804
265,car,0.6443781852722168,7198
265,car,0.6248266100883484,38999
265,car,0.5972109436988831,22558
265,car,0.5885785222053528,12919
265,car,0.5837862491607666,12361
265,car,0.5750319361686707,29099
265,car,0.541893482208252,5771
265,car,0.5193851590156555,2182
265,car,0.5161256790161133,5464
265,car,0.5119487643241882,1216
265,person,0.4883114695549011,2207
265,car,0.47202226519584656,24236
265,car,0.4584035575389862,3574
265,car,0.44276854395866394,13801
265,car,0.3918376564979553,2185
265,truck,0.38670843839645386,3079
265,person,0.38474875688552856,1738
265,truck,0.34734901785850525,39133
265,clock,0.34053677320480347,6169
265,car,0.33949169516563416,8185
265,truck,0.3303234577178955,13081
265,car,0.3278841972351074,13144
265,truck,0.30479326844215393,13972
265,person,0.28898248076438904,2150
265,car,0.26008033752441406,4024
265,car,0.25583454966545105,2719
265,car,0.25200319290161133,2287
266,bus,0.8952308893203735,12058
266,car,0.8627049326896667,12457
266,car,0.7918998599052429,33827
266,car,0.7341604828834534,39232
266,car,0.7114694714546204,21394
266,car,0.709778368473053,39446
266,car,0.7056840062141418,32195
266,car,0.7055386900901794,12490
266,person,0.675179660320282,3913
266,car,0.6545140743255615,16804
266,car,0.6389577388763428,7162
266,car,0.6228885054588318,39007
266,car,0.5800037384033203,23770
266,car,0.5795769095420837,6280
266,car,0.5733082294464111,12379
266,car,0.5090216994285583,5660
266,car,0.5040041208267212,3169
266,clock,0.4896116256713867,6007
266,car,0.46259480714797974,24104
266,car,0.4333363473415375,1900
266,person,0.4269863963127136,2356
266,car,0.40413936972618103,14026
266,person,0.3955926299095154,2401
266,car,0.3875866234302521,4051
266,truck,0.3765149414539337,39286
266,car,0.3495534062385559,13126
266,person,0.3470998704433441,1729
266,car,0.337484747171402,3943
266,truck,0.33096015453338623,14224
266,truck,0.3104884922504425,2569
266,car,0.307388573884964,8257
266,car,0.2786606252193451,2785
266,person,0.2655963599681854,5037
266,person,0.2646409869194031,3247
267,bus,0.8943936228752136,12058
267,car,0.8625637888908386,12421
267,car,0.789298415184021,33809
267,car,0.729916512966156,39232
267,car,0.7115818858146667,21394
267,car,0.7083083391189575,12490
267,car,0.7075418829917908,39437
267,car,0.7037383317947388,32186
267,person,0.6682987213134766,3958
267,car,0.6594434976577759,16726
267,car,0.6375159025192261,7162
267,car,0.6183134317398071,38953
267,car,0.5874358415603638,23761
267,car,0.5843854546546936,6280
267,car,0.567216694355011,12379
267,car,0.5060660243034363,3160
267,car,0.5000137090682983,5660
267,clock,0.4566398859024048,6052
267,car,0.4564667344093323,24095
267,car,0.4286123812198639,1900
267,person,0.42205771803855896,2356
267,person,0.4098708927631378,2410
267,car,0.3988155424594879,14008
267,car,0.38526538014411926,4051
267,truck,0.37185734510421753,39286
267,car,0.35540512204170227,13126
267,person,0.35043975710868835,1729
267,truck,0.3369084596633911,14188
267,car,0.3330366909503937,3916
267,truck,0.3097456395626068,2569
267,car,0.3086756765842438,8257
267,car,0.27963536977767944,2785
267,person,0.2790306508541107,3292
267,person,0.27040547132492065,5037
267,person,0.2547164261341095,2803
268,bus,0.8590155243873596,12943
268,car,0.8583539128303528,12643
268,car,0.7814618349075317,37594
268,car,0.7541413307189941,34415
268,car,0.7110680341720581,21376
268,car,0.6995851397514343,39385
268,car,0.6879486441612244,16753
268,car,0.6796743273735046,11032
268,car,0.6779080629348755,7144
268,car,0.6425189971923828,7042
268,car,0.5929892659187317,12388
268,car,0.5673720240592957,38962
268,truck,0.5347364544868469,23791
268,person,0.5000255703926086,3256
268,car,0.48713064193725586,5771
268,car,0.44973352551460266,1900
268,car,0.4467350244522095,23881
268,person,0.441389799118042,3826
268,truck,0.43806934356689453,39340
268,car,0.43418774008750916,3724
268,car,0.41611018776893616,24203
268,car,0.4060877859592438,14308
268,car,0.4059712886810303,32054
268,person,0.3863988220691681,1897
268,truck,0.3835858404636383,39007
268,person,0.38267436623573303,1729
268,car,0.3818252384662628,13108
268,truck,0.3730338513851166,2287
268,truck,0.3660809099674225,32027
268,car,0.3585321605205536,2377
268,clock,0.3555510938167572,6187
268,truck,0.33524399995803833,14329
268,car,0.33147430419921875,8338
268,car,0.31394442915916443,4243
268,car,0.30599579215049744,4294
268,person,0.3000868260860443,3031
268,truck,0.26645606756210327,4384
268,truck,0.2529292702674866,24605
269,car,0.8472824692726135,13147
269,bus,0.8376149535179138,11122
269,person,0.7680402398109436,4395
269,car,0.7508993744850159,39367
269,car,0.7336171269416809,21313
269,car,0.722186267375946,35269
269,car,0.6749346852302551,16816
269,person,0.6553690433502197,4727
269,car,0.641839861869812,38944
269,car,0.6294612288475037,7099
269,car,0.614098072052002,10918
269,car,0.6090258955955505,12370
269,car,0.599653422832489,7624
269,car,0.5793616771697998,28778
269,car,0.5722004771232605,25408
269,car,0.5609229207038879,1900
269,car,0.5279202461242676,3844
269,car,0.5043846964836121,5807
269,person,0.49197864532470703,3196
269,car,0.4683705270290375,35888
269,clock,0.44437551498413086,6034
269,truck,0.42596399784088135,35897
269,truck,0.4170108735561371,25309
269,car,0.38694897294044495,14152
269,car,0.3767356276512146,24443
269,truck,0.3698631227016449,2587
269,car,0.36916089057922363,13162
269,car,0.36772727966308594,7693
269,truck,0.3527801036834717,39268
269,person,0.3461240828037262,1597
269,car,0.3258477449417114,4009
269,car,0.3099883496761322,1363
269,person,0.3007124960422516,3010
269,person,0.28410157561302185,4522
269,truck,0.2769067585468292,14323
269,person,0.27620089054107666,2710
270,car,0.8479501605033875,13174
270,bus,0.8373566269874573,11122
270,person,0.7681112885475159,4386
270,car,0.7510924935340881,39358
270,car,0.7337820529937744,21322
270,car,0.7225061655044556,35260
270,car,0.6746078729629517,16816
270,person,0.655295193195343,4718
270,car,0.6404279470443726,38944
270,car,0.6295671463012695,7099
270,car,0.615498423576355,10918
270,car,0.6091718077659607,12361
270,car,0.5994608402252197,7660
270,car,0.5848771929740906,28778
270,car,0.5720570683479309,25408
270,car,0.5612329840660095,1900
270,car,0.528290331363678,3844
270,car,0.5046902894973755,5807
270,person,0.49283021688461304,3196
270,car,0.46939805150032043,35897
270,clock,0.4513993263244629,6079
270,truck,0.4226067066192627,35906
270,truck,0.4172267019748688,25309
270,car,0.3869696855545044,14152
270,car,0.37736275792121887,24443
270,truck,0.36961936950683594,2587
270,car,0.3692624866962433,13162
270,car,0.36789876222610474,7693
270,truck,0.3534337282180786,39268
270,person,0.3460589051246643,1597
270,car,0.32500946521759033,4009
270,car,0.3101924955844879,1363
270,person,0.3036944568157196,3046
270,person,0.28216442465782166,4444
270,truck,0.27647894620895386,14323
270,person,0.2760324478149414,2710
271,bus,0.8853170275688171,11011
271,car,0.8585260510444641,13657
271,car,0.821159303188324,37445
271,person,0.7979673743247986,4936
271,car,0.7693857550621033,33688
271,car,0.7682073712348938,9922
271,car,0.7480948567390442,38731
271,car,0.7333502769470215,21331
271,car,0.7239853143692017,6685
271,car,0.6587123274803162,16804
271,car,0.6265795230865479,39094
271,car,0.6209208369255066,7072
271,car,0.6167558431625366,12289
271,car,0.6040432453155518,26374
271,person,0.5993615388870239,4655
271,car,0.5553937554359436,24707
271,car,0.5036394596099854,5726
271,car,0.4937538206577301,1900
271,person,0.48777055740356445,2929
271,truck,0.47016412019729614,26275
271,car,0.45410338044166565,3844
271,car,0.3886803686618805,14443
271,car,0.3777625262737274,13063
271,truck,0.3669482171535492,38884
271,car,0.3665226399898529,2953
271,car,0.35822153091430664,24560
271,person,0.34981730580329895,1648
271,car,0.3427128791809082,7729
271,truck,0.30932503938674927,2713
271,truck,0.29183903336524963,14569
271,person,0.26610422134399414,2791
272,car,0.8611510992050171,14872
272,bus,0.8040415644645691,11332
272,car,0.7850152850151062,39016
272,car,0.7838638424873352,39449
272,person,0.7799567580223083,5620
272,car,0.6963333487510681,20437
272,car,0.6734485626220703,16939
272,car,0.672519326210022,7126
272,car,0.6609283089637756,10087
272,car,0.6592876315116882,7726
272,car,0.6478889584541321,39058
272,car,0.598432183265686,12184
272,car,0.5837876796722412,28090
272,car,0.5222572684288025,1900
272,car,0.4970570504665375,31462
272,truck,0.4786202013492584,27901
272,car,0.47119566798210144,5771
272,car,0.46683311462402344,3844
272,car,0.4190084636211395,21197
272,person,0.40827322006225586,1615
272,car,0.3741367757320404,3559
272,truck,0.37205445766448975,3361
272,car,0.3694223165512085,7801
272,car,0.3555353581905365,14344
272,truck,0.35401564836502075,31435
272,car,0.35142791271209717,13045
272,car,0.33448976278305054,24272
272,truck,0.3256816565990448,14161
272,truck,0.2971031367778778,24470
272,car,0.28620457649230957,3535
272,person,0.28375568985939026,4111
272,person,0.27863940596580505,5061
272,car,0.27855443954467773,3838
272,truck,0.2523314356803894,4366
273,car,0.8611119389533997,14872
273,bus,0.8037525415420532,11332
273,car,0.784489095211029,39016
273,car,0.7810750007629395,39449
273,person,0.7796640396118164,5620
273,car,0.6982751488685608,20428
273,car,0.67494136095047,16939
273,car,0.6712934374809265,7126
273,car,0.6604198217391968,10087
273,car,0.6596007943153381,7726
273,car,0.6463814377784729,39058
273,car,0.5985962152481079,12193
273,car,0.5818752646446228,28090
273,car,0.5226247310638428,1900
273,car,0.4941558539867401,31462
273,truck,0.4807471036911011,27901
273,car,0.4801645874977112,5780
273,car,0.4675109088420868,3844
273,car,0.4201433062553406,21197
273,person,0.4077000916004181,1615
273,truck,0.3740014135837555,3361
273,car,0.3739318251609802,3559
273,car,0.3677860498428345,7801
273,car,0.3564720153808594,14353
273,truck,0.3563433587551117,31435
273,car,0.3496920168399811,13045
273,car,0.3408024311065674,24263
273,truck,0.32231470942497253,14161
273,truck,0.30993616580963135,24461
273,car,0.28628602623939514,3535
273,person,0.2845868468284607,4111
273,car,0.2781526446342468,3838
273,person,0.27590563893318176,5070
273,truck,0.25311076641082764,4366
274,car,0.857886552810669,15595
274,bus,0.819253146648407,11260
274,car,0.8045008182525635,36454
274,car,0.7937321066856384,39097
274,person,0.7797624468803406,5164
274,car,0.7141057252883911,20428
274,car,0.7036244869232178,8851
274,car,0.6753921508789062,7117
274,car,0.6714609265327454,6484
274,car,0.6711908578872681,39148
274,car,0.6696710586547852,17038
274,truck,0.6360419988632202,28576
274,car,0.5861400365829468,12229
274,car,0.5077501535415649,5753
274,car,0.5050437450408936,17756
274,car,0.49118196964263916,1900
274,car,0.4465123116970062,2893
274,truck,0.443930059671402,28840
274,person,0.4196152687072754,1606
274,person,0.4189291000366211,2242
274,car,0.37326741218566895,14407
274,car,0.369462251663208,24068
274,car,0.3643344044685364,7756
274,car,0.3567158579826355,28135
274,car,0.35270702838897705,13027
274,truck,0.32841214537620544,14206
274,person,0.3264293372631073,4904
274,truck,0.31538358330726624,24221
274,person,0.31066346168518066,2425
274,person,0.29441049695014954,2971
274,truck,0.289617121219635,3403
274,truck,0.28926435112953186,12265
274,car,0.28702881932258606,3844
274,car,0.27619415521621704,3526
274,car,0.26842254400253296,4726
275,car,0.8791918158531189,15436
275,bus,0.8026924133300781,10618
275,car,0.7828902006149292,39124
275,car,0.7658032178878784,6565
275,person,0.7618197798728943,5104
275,car,0.7101036906242371,33760
275,car,0.7049983739852905,20401
275,car,0.660811185836792,27187
275,car,0.6573894619941711,17326
275,car,0.6487513780593872,7117
275,car,0.6229596734046936,39166
275,truck,0.6185372471809387,29791
275,car,0.6143853068351746,8884
275,car,0.5902606844902039,12256
275,car,0.5081183910369873,1399
275,car,0.506382942199707,13013
275,car,0.4766988158226013,5753
275,person,0.43205344676971436,1537
275,car,0.40662693977355957,3034
275,person,0.38632214069366455,2452
275,person,0.369294673204422,2521
275,car,0.36244863271713257,14299
275,truck,0.34961017966270447,3229
275,car,0.3434472978115082,3247
275,truck,0.3316497504711151,14215
275,car,0.3280543386936188,7747
275,car,0.31951847672462463,3709
275,car,0.31683894991874695,24065
275,car,0.30564889311790466,12946
275,truck,0.3045884966850281,24317
275,truck,0.29089799523353577,12973
275,car,0.2574172616004944,1960
276,car,0.8789275288581848,15454
276,bus,0.8018644452095032,10618
276,car,0.783456563949585,39133
276,person,0.7640405297279358,5101
276,car,0.7625214457511902,6565
276,car,0.7065215706825256,33760
276,car,0.7048268914222717,20383
276,car,0.6574856042861938,17335
276,car,0.6563699841499329,27187
276,car,0.6469322443008423,7126
276,car,0.6257052421569824,39184
276,car,0.6130736470222473,8884
276,truck,0.6104950904846191,29818
276,car,0.5888294577598572,12256
276,car,0.511529266834259,1399
276,car,0.5040490627288818,13013
276,car,0.4796468913555145,5744
276,person,0.43101367354393005,1537
276,car,0.40687114000320435,3034
276,person,0.3881117105484009,2443
276,person,0.3607178330421448,2521
276,car,0.35650742053985596,14245
276,truck,0.3547991216182709,3229
276,car,0.34258389472961426,3247
276,car,0.33525002002716064,7747
276,truck,0.3310997784137726,14170
276,car,0.3174751400947571,3709
276,car,0.3169900178909302,24029
276,car,0.30419570207595825,12937
276,truck,0.303699791431427,12928
276,truck,0.2846474051475525,24263
276,car,0.25974947214126587,1960
276,person,0.25563254952430725,2539
277,car,0.8575834035873413,16627
277,bus,0.8376560807228088,11089
277,car,0.7968741655349731,39115
277,car,0.7868540287017822,31378
277,person,0.7475264668464661,5500
277,car,0.7400097250938416,25636
277,car,0.7314918637275696,6772
277,car,0.716609001159668,20410
277,car,0.7153623104095459,32710
277,car,0.695406436920166,17362
277,car,0.6656651496887207,7126
277,car,0.6610254645347595,38746
277,car,0.6350922584533691,9877
277,car,0.5934906005859375,12256
277,car,0.5506515502929688,3157
277,car,0.4857833981513977,9092
277,car,0.47774097323417664,5735
277,car,0.4272218644618988,1477
277,person,0.42156532406806946,1537
277,car,0.407192200422287,3526
277,person,0.371401309967041,4201
277,truck,0.3455231487751007,14161
277,car,0.33919239044189453,23933
277,car,0.3387126624584198,7747
277,car,0.3357616364955902,12874
277,car,0.33237776160240173,14272
277,truck,0.3290432393550873,24050
277,car,0.30979278683662415,3709
277,person,0.3002176880836487,2230
277,person,0.2689444422721863,4492
277,person,0.256328821182251,2539
278,car,0.8996165990829468,17122
278,car,0.808424174785614,29803
278,car,0.7901747226715088,39394
278,car,0.7785339951515198,6709
278,bus,0.7468505501747131,10828
278,car,0.7336640954017639,22768
278,car,0.7267071604728699,20392
278,car,0.6950989365577698,17533
278,car,0.6683914661407471,7126
278,person,0.6627121567726135,4996
278,car,0.6531839370727539,8284
278,car,0.6520279049873352,38773
278,car,0.6073214411735535,33370
278,car,0.5829421281814575,12211
278,car,0.544506311416626,2581
278,car,0.5004750490188599,5726
278,car,0.4759886562824249,1486
278,person,0.4277998208999634,1519
278,truck,0.41603976488113403,32554
278,car,0.4118308424949646,3859
278,car,0.4099578857421875,23855
278,truck,0.37040528655052185,14143
278,person,0.35952749848365784,2275
278,car,0.35823503136634827,2065
278,person,0.35488131642341614,3778
278,car,0.3412027359008789,7711
278,truck,0.33792388439178467,24086
278,car,0.3284403085708618,3790
278,car,0.31666967272758484,12946
278,car,0.31599661707878113,14155
278,umbrella,0.31564173102378845,1417
278,truck,0.29642924666404724,12964
278,person,0.2805592715740204,2548
279,car,0.8995859026908875,17113
279,car,0.8082304000854492,29803
279,car,0.792454719543457,39349
279,car,0.7789037227630615,6709
279,bus,0.7468847632408142,10828
279,car,0.7338982820510864,22768
279,car,0.7296504378318787,20401
279,car,0.6954266428947449,17560
279,car,0.6675474047660828,7126
279,person,0.6624787449836731,4996
279,car,0.6536001563072205,38791
279,car,0.653482973575592,8284
279,car,0.606663167476654,33370
279,car,0.5759745240211487,12202
279,car,0.5411391854286194,2581
279,car,0.502147912979126,5726
279,car,0.4736363887786865,1486
279,person,0.41825923323631287,1519
279,truck,0.4161149263381958,32554
279,car,0.41200652718544006,3859
279,car,0.40347856283187866,23882
279,truck,0.37052249908447266,14062
279,car,0.3590640425682068,2065
279,person,0.356788694858551,2284
279,person,0.35640472173690796,4273
279,car,0.34023332595825195,7675
279,truck,0.3385288119316101,24140
279,car,0.32674717903137207,3781
279,car,0.3242552876472473,12946
279,umbrella,0.3146457374095917,1417
279,car,0.3131108582019806,14191
279,truck,0.275770366191864,12982
279,person,0.26788464188575745,2548
280,car,0.895723283290863,17821
280,car,0.8573040962219238,28798
280,bus,0.8193805813789368,10927
280,car,0.7971305847167969,6991
280,car,0.7808326482772827,39268
280,car,0.719363808631897,20410
280,car,0.6834643483161926,7408
280,car,0.6645187139511108,17623
280,car,0.660245418548584,3079
280,car,0.654840350151062,38710
280,car,0.6464608311653137,7126
280,car,0.6230700612068176,23614
280,car,0.5949608683586121,1786
280,car,0.5760859847068787,33874
280,car,0.5679793953895569,12202
280,person,0.5054441690444946,3946
280,car,0.5032524466514587,5726
280,person,0.4030973017215729,1528
280,car,0.3934769332408905,23936
280,car,0.3880962133407593,3253
280,truck,0.3809191584587097,14125
280,truck,0.3549613952636719,24239
280,person,0.34532907605171204,2497
280,truck,0.34503981471061707,23623
280,car,0.3441321849822998,7711
280,umbrella,0.34218630194664,1417
280,car,0.33880487084388733,3799
280,car,0.3201872706413269,2119
280,truck,0.3175361156463623,2806
280,person,0.31331953406333923,4066
280,car,0.3060576915740967,12973
280,truck,0.29946523904800415,12991
280,car,0.27971526980400085,14218
281,car,0.8958273530006409,26263
281,car,0.878814697265625,18040
281,bus,0.8389632105827332,9289
281,car,0.8247531652450562,7456
281,car,0.8238952159881592,21040
281,car,0.812301754951477,39340
281,car,0.7698514461517334,20596
281,car,0.7596817016601562,7900
281,car,0.7107915282249451,7054
281,car,0.6702156662940979,3664
281,car,0.6508747339248657,12388
281,car,0.6504707336425781,17398
281,car,0.611613392829895,38926
281,truck,0.5920329093933105,36439
281,car,0.5113466382026672,5789
281,car,0.44996923208236694,1939
281,person,0.42696791887283325,1519
281,person,0.4240363538265228,3751
281,umbrella,0.4093964993953705,1573
281,car,0.4002266526222229,13117
281,truck,0.39972734451293945,13873
281,car,0.3874078094959259,24029
281,car,0.36278656125068665,7738
281,person,0.3586151897907257,2548
281,car,0.3496834337711334,5224
281,car,0.33838871121406555,14137
281,person,0.32783743739128113,3367
281,car,0.3243687152862549,36412
281,car,0.3240097761154175,1819
281,person,0.29698124527931213,2719
281,truck,0.29031842947006226,2869
281,truck,0.28879860043525696,24275
281,truck,0.2788316309452057,13189
281,person,0.2787218987941742,1882
281,car,0.2745509445667267,3421
281,person,0.2515728175640106,4627
282,car,0.8946754932403564,26407
282,car,0.8793589472770691,18040
282,bus,0.8390929698944092,9280
282,car,0.8243573904037476,7456
282,car,0.8236011266708374,21031
282,car,0.809661328792572,39349
282,car,0.7688741683959961,20446
282,car,0.7588422298431396,7912
282,car,0.7090224027633667,7045
282,car,0.6700587868690491,3664
282,car,0.659482479095459,12352
282,car,0.6546058654785156,17398
282,car,0.6136419177055359,38926
282,truck,0.5965916514396667,36448
282,car,0.5114939212799072,5789
282,car,0.44438618421554565,1939
282,person,0.42736929655075073,1519
282,person,0.41716858744621277,3751
282,car,0.4100154638290405,13117
282,umbrella,0.4051477909088135,1573
282,truck,0.40008240938186646,13891
282,car,0.371136873960495,23993
282,person,0.3700789213180542,2548
282,car,0.369209885597229,7774
282,car,0.3676522374153137,5305
282,person,0.34790781140327454,4121
282,person,0.3419498801231384,3190
282,car,0.3313087522983551,14101
282,car,0.32451680302619934,1819
282,car,0.3197839856147766,36421
282,person,0.3008689880371094,1882
282,person,0.3004799783229828,2719
282,truck,0.2877238690853119,2869
282,truck,0.2873360514640808,24239
282,car,0.27201011776924133,3421
282,car,0.2557156980037689,4045
283,car,0.8888397216796875,19411
283,car,0.8796604871749878,24700
283,bus,0.8165403604507446,9799
283,car,0.8044947385787964,7735
283,car,0.804490327835083,39304
283,car,0.7772279977798462,18964
283,car,0.7647214531898499,20446
283,car,0.7608775496482849,7351
283,umbrella,0.7189967036247253,2032
283,car,0.7104150652885437,3628
283,truck,0.7068577408790588,38482
283,car,0.6863370537757874,7036
283,car,0.6480602025985718,17173
283,car,0.635125994682312,12361
283,car,0.560212254524231,38782
283,person,0.5091274976730347,3847
283,car,0.5070614814758301,5780
283,person,0.4708156883716583,2995
283,person,0.43839117884635925,4265
283,umbrella,0.42579203844070435,1888
283,truck,0.41554802656173706,13846
283,person,0.41448915004730225,1528
283,car,0.36764469742774963,13117
283,car,0.3558099567890167,7738
283,person,0.3498600721359253,3457
283,car,0.3496400713920593,23858
283,person,0.34508436918258667,2539
283,car,0.32893136143684387,1942
283,car,0.3085632622241974,5323
283,car,0.3059961795806885,14101
283,truck,0.3000965416431427,13234
283,truck,0.28770241141319275,24215
283,truck,0.2600172162055969,4030
283,person,0.25329962372779846,3655
284,car,0.8984062671661377,19915
284,car,0.8467334508895874,22345
284,car,0.8253997564315796,18445
284,bus,0.792792558670044,9064
284,car,0.7811505198478699,39268
284,car,0.7531324625015259,20533
284,car,0.7140803933143616,7360
284,car,0.6674004793167114,7036
284,person,0.6506152749061584,3910
284,car,0.6469478607177734,41341
284,car,0.6330941915512085,3532
284,car,0.6116005778312683,12370
284,car,0.5842517018318176,7123
284,car,0.5766451358795166,39046
284,car,0.572102963924408,17119
284,car,0.47630125284194946,5816
284,person,0.43525072932243347,3313
284,person,0.4004518687725067,2377
284,person,0.3951885402202606,1519
284,car,0.3675127625465393,1948
284,truck,0.3638642430305481,13990
284,car,0.3501443862915039,23978
284,clock,0.3337191045284271,6340
284,car,0.3308839797973633,7747
284,truck,0.3243050277233124,13054
284,car,0.32276031374931335,13090
284,car,0.31760290265083313,14074
284,car,0.29904884099960327,5284
284,car,0.2949698567390442,3100
284,truck,0.2946568727493286,24371
284,car,0.2895877957344055,1942
284,person,0.2837373614311218,1783
285,car,0.8984630703926086,19915
285,car,0.8454458117485046,22345
285,car,0.8250106573104858,18445
285,bus,0.7928081750869751,9064
285,car,0.7805051803588867,39250
285,car,0.7535715103149414,20533
285,car,0.7141185402870178,7360
285,car,0.6656375527381897,7036
285,person,0.6513296961784363,3910
285,car,0.6468763947486877,41341
285,car,0.6330478191375732,3532
285,car,0.6117708683013916,12370
285,car,0.5853214263916016,7123
285,car,0.5761692523956299,39046
285,car,0.5718698501586914,17119
285,car,0.47584787011146545,5816
285,person,0.4368612468242645,3313
285,person,0.3992888033390045,1519
285,person,0.39739343523979187,2377
285,car,0.3680400252342224,1948
285,truck,0.362452894449234,13981
285,car,0.34698307514190674,23978
285,clock,0.33226945996284485,6340
285,car,0.3307438790798187,7747
285,car,0.32379645109176636,13090
285,truck,0.3235166072845459,13054
285,car,0.3202311098575592,14074
285,car,0.2967030107975006,3100
285,car,0.29535233974456787,5272
285,car,0.2903076708316803,1942
285,truck,0.29022929072380066,24362
285,person,0.2861151397228241,1783
286,car,0.8982785940170288,22135
286,car,0.8884198069572449,21646
286,car,0.8331298828125,17653
286,bus,0.8286998867988586,8824
286,car,0.8104581236839294,39178
286,car,0.762392520904541,20533
286,car,0.7455139756202698,7513
286,car,0.6776536107063293,3559
286,car,0.6696712970733643,43093
286,car,0.6674973368644714,7036
286,car,0.656954824924469,39154
286,car,0.6288830637931824,6457
286,car,0.6263067126274109,12355
286,car,0.6110236048698425,17047
286,person,0.6107727289199829,3598
286,car,0.4803425371646881,5678
286,umbrella,0.4768444895744324,2002
286,person,0.4300640821456909,3526
286,car,0.42517200112342834,9281
286,car,0.41877391934394836,2692
286,car,0.41630882024765015,1600
286,person,0.3925965428352356,1519
286,person,0.3916322588920593,2755
286,person,0.3798687756061554,2341
286,car,0.3694988787174225,24053
286,car,0.3619784414768219,13117
286,car,0.3616270124912262,7738
286,car,0.3459080457687378,1951
286,car,0.3410777747631073,14164
286,truck,0.3303709626197815,14116
286,truck,0.2863883376121521,24416
286,car,0.2610277831554413,4337
286,truck,0.253094345331192,13216
287,car,0.9091100096702576,22216
287,car,0.8872294425964355,20914
287,car,0.8591718673706055,16762
287,bus,0.8175621628761292,9628
287,car,0.7999910116195679,7870
287,car,0.7843142747879028,39187
287,car,0.7338405251502991,20578
287,person,0.6806257963180542,3955
287,car,0.6746929287910461,6934
287,car,0.6678428649902344,7036
287,car,0.6252297163009644,17155
287,car,0.6176921725273132,18362
287,car,0.6147730946540833,12316
287,car,0.6007603406906128,39190
287,car,0.5915380120277405,3124
287,car,0.5186224579811096,2242
287,truck,0.48578301072120667,45508
287,car,0.42620259523391724,5660
287,truck,0.38315024971961975,14089
287,person,0.38270989060401917,1519
287,car,0.3766304850578308,7693
287,car,0.37037861347198486,45346
287,car,0.36230790615081787,13135
287,car,0.3384661376476288,23984
287,car,0.32494181394577026,13723
287,car,0.3238016366958618,4873
287,car,0.3027728497982025,1696
287,person,0.2864536643028259,2503
287,truck,0.28023916482925415,24242
287,car,0.25202736258506775,1735
288,car,0.9091188907623291,22225
288,car,0.8874114155769348,20950
288,car,0.8599603772163391,16762
288,bus,0.8178601264953613,9628
288,car,0.8006445169448853,7870
288,car,0.7862488031387329,39187
288,car,0.7313708662986755,20587
288,person,0.6822112798690796,3946
288,car,0.6752863526344299,6925
288,car,0.6698469519615173,7027
288,car,0.6304000020027161,17155
288,car,0.6201562285423279,18362
288,car,0.6173090934753418,12316
288,car,0.6103882193565369,39172
288,car,0.5903320908546448,3124
288,car,0.525066614151001,2242
288,truck,0.4853270351886749,45535
288,car,0.4240368902683258,5660
288,person,0.38653019070625305,1519
288,truck,0.38238200545310974,14062
288,car,0.38157933950424194,7693
288,car,0.3712623119354248,45634
288,car,0.36540141701698303,13171
288,car,0.3416784107685089,24083
288,car,0.3283928334712982,13687
288,car,0.3184395730495453,4828
288,person,0.31164318323135376,2458
288,car,0.3040914237499237,1696
288,truck,0.2786140441894531,24287
288,car,0.251066654920578,1744
289,car,0.9067342877388,24214
289,car,0.8989347219467163,19552
289,bus,0.8238462209701538,9664
289,car,0.7999772429466248,14851
289,car,0.766478955745697,39196
289,car,0.7394124865531921,20560
289,car,0.7391241192817688,7786
289,car,0.6954672932624817,6007
289,car,0.6736243367195129,7036
289,car,0.6527355909347534,17191
289,umbrella,0.6274386048316956,1870
289,car,0.6068582534790039,2893
289,car,0.5811627507209778,12271
289,car,0.5712484121322632,39235
289,person,0.5365791320800781,3835
289,person,0.532833993434906,2209
289,car,0.4877239465713501,23129
289,car,0.47781771421432495,2383
289,car,0.45371878147125244,47350
289,truck,0.43796905875205994,47260
289,car,0.4276270568370819,5660
289,car,0.37710267305374146,7702
289,car,0.37555888295173645,13642
289,person,0.3683154881000519,1519
289,truck,0.35866013169288635,13999
289,person,0.3562973439693451,2503
289,car,0.3550959527492523,23975
289,person,0.35383129119873047,2575
289,car,0.33702966570854187,13180
289,car,0.3129352033138275,1645
289,truck,0.3026238679885864,24347
289,car,0.29171377420425415,4549
289,truck,0.2720930874347687,3121
289,clock,0.26586613059043884,6466
289,car,0.2541709244251251,1675
290,car,0.9150227308273315,25369
290,car,0.8789103031158447,18307
290,bus,0.8300193548202515,8641
290,car,0.7995086908340454,39277
290,car,0.7482499480247498,20572
290,car,0.728507399559021,30449
290,umbrella,0.6734457015991211,1777
290,car,0.668856680393219,15193
290,car,0.6650505661964417,7045
290,car,0.659029483795166,7984
290,car,0.6094250679016113,6730
290,car,0.608650267124176,48749
290,car,0.6035829782485962,17308
290,car,0.5825873017311096,12352
290,person,0.5769384503364563,3397
290,car,0.5653024315834045,38995
290,car,0.5573578476905823,3280
290,car,0.4337647557258606,5780
290,person,0.4004117548465729,1744
290,car,0.39958611130714417,2125
290,car,0.3712697923183441,23858
290,person,0.35246261954307556,1528
290,truck,0.3506231904029846,14137
290,car,0.3399333357810974,7783
290,car,0.3132423758506775,14026
290,car,0.3096120357513428,13207
290,person,0.28731873631477356,2911
290,truck,0.2872121036052704,13162
290,truck,0.281701922416687,24326
290,person,0.2780427932739258,2029
290,bus,0.27097347378730774,3340
291,car,0.9150378704071045,25369
291,car,0.8786600828170776,18307
291,bus,0.829800546169281,8641
291,car,0.7986788153648376,39277
291,car,0.7480053305625916,20572
291,car,0.7254334688186646,30458
291,car,0.6745617985725403,15175
291,umbrella,0.6745166778564453,1777
291,car,0.6652628779411316,7045
291,car,0.6584356427192688,7984
291,car,0.6061508655548096,6730
291,car,0.6056503653526306,48764
291,car,0.6037124991416931,17308
291,car,0.5837079286575317,12352
291,person,0.5757119059562683,3397
291,car,0.5636999011039734,38986
291,car,0.5571237802505493,3280
291,car,0.4281962513923645,5780
291,person,0.40001070499420166,1744
291,car,0.39994630217552185,2125
291,car,0.36198890209198,23858
291,person,0.35279613733291626,1528
291,truck,0.3510528802871704,14137
291,car,0.3426494002342224,7711
291,car,0.31350234150886536,14026
291,car,0.3099648356437683,13207
291,person,0.28779369592666626,2911
291,truck,0.2869354486465454,13162
291,truck,0.2845679521560669,24326
291,person,0.27818143367767334,2029
291,bus,0.2704033851623535,3340
292,car,0.8918474912643433,25579
292,car,0.8636090755462646,17725
292,bus,0.8321951031684875,7957
292,car,0.7819637060165405,50888
292,car,0.7483384609222412,20587
292,car,0.7283598780632019,39151
292,car,0.7039474844932556,8494
292,car,0.6772677898406982,13912
292,car,0.6718870401382446,33755
292,car,0.6615721583366394,7108
292,car,0.6467328071594238,17317
292,car,0.6354755759239197,5866
292,person,0.6125589609146118,3256
292,car,0.5673778653144836,12289
292,car,0.5480218529701233,39022
292,car,0.48093506693840027,3412
292,person,0.45009076595306396,4791
292,car,0.44185078144073486,5771
292,car,0.3766661584377289,23825
292,car,0.37561431527137756,13993
292,person,0.3593805730342865,1528
292,car,0.35347044467926025,7702
292,truck,0.3350321352481842,13144
292,truck,0.3334719240665436,14065
292,person,0.32905593514442444,2458
292,car,0.3113773763179779,2356
292,truck,0.2936384379863739,24179
292,car,0.28203049302101135,13144
292,car,0.27378490567207336,2080
292,bus,0.2726244628429413,3409
292,car,0.25547024607658386,3599
293,car,0.9006925225257874,27610
293,bus,0.8107535243034363,8857
293,car,0.7896486520767212,15427
293,car,0.7388181090354919,13360
293,car,0.7239723205566406,20383
293,car,0.663314700126648,7108
293,car,0.6580173969268799,9223
293,car,0.6495648622512817,38197
293,truck,0.6245915293693542,39497
293,car,0.6217254996299744,50057
293,car,0.5913224816322327,12289
293,car,0.5827227830886841,17035
293,car,0.5017576813697815,3994
293,car,0.4924287796020508,5611
293,truck,0.4131479561328888,39544
293,car,0.4053195118904114,39553
293,car,0.399725079536438,5615
293,truck,0.3806978166103363,38134
293,truck,0.3492010831832886,14317
293,car,0.3461260199546814,23798
293,truck,0.34406498074531555,24149
293,person,0.3438092768192291,4541
293,car,0.3437715470790863,7675
293,truck,0.3350297808647156,13108
293,car,0.3138393461704254,2965
293,person,0.31256842613220215,2602
293,car,0.3064497709274292,14117
293,car,0.306446373462677,3568
293,car,0.30280473828315735,13144
293,person,0.2841764986515045,1528
293,person,0.27769938111305237,2107
294,car,0.9006824493408203,27601
294,bus,0.8108294606208801,8857
294,car,0.789541482925415,15427
294,car,0.7384371757507324,13369
294,car,0.7242823839187622,20383
294,car,0.6650262475013733,7108
294,car,0.659722626209259,9223
294,car,0.6502160429954529,38197
294,truck,0.6268705129623413,39497
294,car,0.6194085478782654,50057
294,car,0.5921239256858826,12289
294,car,0.5823490023612976,17044
294,car,0.5015313625335693,3994
294,car,0.49109938740730286,5611
294,truck,0.4132198989391327,39544
294,car,0.4050624370574951,39553
294,car,0.40465202927589417,5642
294,truck,0.38017669320106506,38134
294,truck,0.3495970666408539,14317
294,car,0.34944239258766174,23798
294,person,0.34566858410835266,4541
294,car,0.34335070848464966,7675
294,truck,0.3430880308151245,24167
294,truck,0.33448782563209534,13108
294,person,0.32229968905448914,2746
294,car,0.3124532401561737,2965
294,car,0.3072606027126312,3568
294,car,0.3063890039920807,14117
294,car,0.3026111423969269,13108
294,person,0.2836765646934509,1528
294,person,0.28288954496383667,2107
295,car,0.8979976177215576,28705
295,bus,0.8292824029922485,7672
295,car,0.7587733268737793,15688
295,car,0.7127029299736023,20392
295,car,0.6903260946273804,12556
295,car,0.6608244180679321,9271
295,car,0.6567916870117188,37981
295,car,0.6560620069503784,7135
295,car,0.6203027963638306,48884
295,car,0.6199765205383301,5014
295,car,0.6027514934539795,12289
295,car,0.6016080379486084,17080
295,truck,0.5002956390380859,43670
295,truck,0.44531458616256714,40021
295,car,0.40004733204841614,5699
295,car,0.3803272247314453,3736
295,car,0.356747031211853,40120
295,truck,0.3411006033420563,24101
295,car,0.33314406871795654,3616
295,car,0.32389360666275024,23771
295,truck,0.3178875148296356,14558
295,car,0.31289029121398926,13162
295,car,0.30457252264022827,14399
295,car,0.30438166856765747,7675
295,truck,0.2980077564716339,13162
295,car,0.2861706018447876,2965
296,car,0.9020727276802063,31384
296,bus,0.826744019985199,7699
296,car,0.7961838841438293,14836
296,car,0.6966496706008911,9034
296,car,0.6917311549186707,21502
296,car,0.6673604846000671,7207
296,car,0.6360428929328918,38755
296,car,0.6158981919288635,17170
296,car,0.5584415793418884,12289
296,car,0.5582633018493652,11650
296,truck,0.5516660213470459,47684
296,car,0.5224016904830933,5368
296,car,0.46466317772865295,4621
296,truck,0.39911630749702454,40363
296,car,0.3907446563243866,47438
296,truck,0.3889222741127014,24119
296,car,0.38869568705558777,40507
296,truck,0.38589105010032654,47243
296,car,0.3730529546737671,5570
296,car,0.3718748390674591,3625
296,car,0.3336530923843384,7684
296,truck,0.32135552167892456,13090
296,car,0.29357340931892395,24077
296,bus,0.28012120723724365,3976
296,car,0.2742711007595062,13090
296,person,0.261888325214386,3496
296,truck,0.2554731070995331,3949
297,car,0.9021819829940796,31393
297,bus,0.8264060616493225,7699
297,car,0.796320915222168,14836
297,car,0.6966204047203064,9034
297,car,0.6914988160133362,21502
297,car,0.6666899919509888,7207
297,car,0.6364465951919556,38755
297,car,0.615172266960144,17170
297,car,0.5602397918701172,12298
297,car,0.5590014457702637,11650
297,truck,0.5503236055374146,47648
297,car,0.5222352147102356,5368
297,car,0.46536511182785034,4621
297,truck,0.3990548253059387,40363
297,truck,0.39353278279304504,24110
297,car,0.39217472076416016,47455
297,car,0.38895443081855774,40507
297,truck,0.3869416415691376,47234
297,car,0.37480446696281433,5570
297,car,0.37171515822410583,3625
297,car,0.33225977420806885,7684
297,truck,0.31885644793510437,13090
297,car,0.29202914237976074,23945
297,bus,0.2798967659473419,4012
297,car,0.27460816502571106,13090
297,truck,0.2558506727218628,3949
297,person,0.2555668354034424,3496
298,car,0.9070834517478943,33676
298,bus,0.8344022631645203,7036
298,car,0.8232633471488953,13711
298,car,0.8057841658592224,45839
298,car,0.7149133682250977,9316
298,car,0.6957348585128784,20437
298,car,0.6588804125785828,11395
298,car,0.6384416818618774,17179
298,car,0.6262607574462891,38602
298,car,0.6191568970680237,7162
298,car,0.5554820895195007,12361
298,car,0.4493209421634674,5761
298,car,0.41811633110046387,7594
298,car,0.4151151180267334,40390
298,car,0.4037665128707886,4414
298,truck,0.4036353826522827,48470
298,car,0.39216020703315735,5552
298,person,0.386663556098938,1789
298,truck,0.3733619451522827,39838
298,truck,0.3618030846118927,38530
298,car,0.33611956238746643,48398
298,truck,0.3340587615966797,24578
298,car,0.322160929441452,24287
298,car,0.32081615924835205,3835
298,truck,0.31465381383895874,4261
298,truck,0.3054327666759491,13153
298,car,0.2948465049266815,2920
298,car,0.28313565254211426,13108
298,umbrella,0.2680226266384125,1699
298,person,0.25486618280410767,2818
299,car,0.900718629360199,36088
299,bus,0.8597996830940247,6832
299,car,0.8354184031486511,13615
299,car,0.7648800611495972,9724
299,car,0.7226168513298035,21601
299,car,0.7120404243469238,17197
299,car,0.684394359588623,7216
299,car,0.5924506783485413,42494
299,car,0.5838829278945923,10114
299,car,0.582481861114502,12334
299,truck,0.5536878705024719,50219
299,car,0.5168108940124512,38323
299,car,0.49610817432403564,4999
299,truck,0.47460031509399414,38125
299,truck,0.46931034326553345,43106
299,car,0.46446692943573,7585
299,car,0.45974189043045044,39538
299,car,0.4021027386188507,4474
299,truck,0.3854745626449585,18529
299,car,0.3782332241535187,5516
299,person,0.3599214255809784,3028
299,car,0.35966816544532776,13171
299,car,0.3566828966140747,24224
299,truck,0.3373786211013794,24497
299,bus,0.3181377351284027,4621
299,car,0.31440818309783936,4087
299,car,0.3046637177467346,2296
299,truck,0.30343857407569885,4594
299,umbrella,0.2982988953590393,1651
299,person,0.2704436480998993,1927
299,clock,0.2515871226787567,6583
300,car,0.9008253216743469,36097
300,bus,0.8593685030937195,6832
300,car,0.8368368148803711,13615
300,car,0.7657594084739685,9715
300,car,0.7228774428367615,21610
300,car,0.7130309343338013,17215
300,car,0.6893419027328491,7216
300,car,0.5991510152816772,42494
300,car,0.5880765318870544,10114
300,car,0.5798950791358948,12325
300,truck,0.5390774011611938,50201
300,car,0.5277685523033142,38341
300,car,0.49678322672843933,4984
300,car,0.46740326285362244,7549
300,truck,0.4664318561553955,38143
300,truck,0.46231842041015625,43112
300,car,0.4603273570537567,39520
300,car,0.4009236693382263,4474
300,car,0.3818700313568115,5516
300,truck,0.3730928599834442,18556
300,car,0.3661045432090759,13198
300,person,0.36428648233413696,3028
300,car,0.36027219891548157,24242
300,truck,0.32854387164115906,24515
300,bus,0.317334920167923,4621
300,car,0.3121281564235687,4096
300,umbrella,0.3072589933872223,1642
300,car,0.30673936009407043,2296
300,truck,0.3030233085155487,4594
300,clock,0.27659446001052856,6583
300,person,0.2724238336086273,1927
301,car,0.9085952043533325,36670
301,bus,0.848275899887085,7027
301,car,0.7618441581726074,12688
301,car,0.7408564686775208,10927
301,car,0.7332156896591187,21637
301,car,0.6806281208992004,17224
301,car,0.6693004965782166,42752
301,car,0.6460111141204834,7216
301,car,0.6418019533157349,11242
301,car,0.5897036790847778,38098
301,car,0.5663530826568604,12325
301,truck,0.5397616028785706,51482
301,car,0.512259840965271,4975
301,car,0.4593198597431183,7585
301,umbrella,0.44303369522094727,2173
301,car,0.42461663484573364,2446
301,truck,0.4201662838459015,39784
301,truck,0.41940900683403015,42728
301,person,0.4165961444377899,2977
301,car,0.3931943476200104,3715
301,truck,0.3810003399848938,37873
301,car,0.3771266043186188,5645
301,car,0.36186158657073975,40024
301,truck,0.33310866355895996,18619
301,car,0.3301672637462616,24350
301,truck,0.3274926245212555,24488
301,truck,0.32204103469848633,13126
301,clock,0.321247935295105,6583
301,car,0.31739991903305054,13072
301,car,0.29538658261299133,4906
301,truck,0.2863743007183075,5332
301,car,0.26263177394866943,2596
302,car,0.8992795944213867,41092
302,bus,0.8332526683807373,6901
302,car,0.7602130770683289,20596
302,car,0.7461056709289551,10684
302,car,0.7145493030548096,12376
302,car,0.6992613077163696,10186
302,car,0.6919462084770203,40334
302,car,0.6879428029060364,17260
302,umbrella,0.6845388412475586,1906
302,car,0.6647454500198364,12307
302,car,0.6645130515098572,7267
302,car,0.6407878994941711,38173
302,car,0.5669760704040527,3352
302,car,0.5010029673576355,4735
302,person,0.4980604946613312,2386
302,car,0.4969389736652374,7531
302,bus,0.43797728419303894,3961
302,person,0.42605262994766235,2881
302,car,0.41646674275398254,38992
302,truck,0.413046270608902,40529
302,truck,0.40296176075935364,38500
302,truck,0.3900686204433441,47935
302,truck,0.36749497056007385,18682
302,truck,0.36152827739715576,38020
302,truck,0.3568185865879059,24467
302,car,0.34947288036346436,5507
302,truck,0.3308272659778595,13117
302,car,0.3242882788181305,12415
302,car,0.3195924758911133,3862
302,car,0.3088206350803375,24383
302,clock,0.29633527994155884,6583
302,car,0.27118784189224243,2503
302,car,0.2526034414768219,47917
